lijphart,raes,loosemorehanby,gallagher,enp,pca,governability,entropy,entropyseatprop,dm
0.091751667,0.035131667,0.140526667,0.088439994,7.100591716,6.615656714,0.145997732,-2.002680524,-2.018618116,1
0.090923333,0.031248333,0.124993333,0.082784541,7.2,5.41468834,0.144444444,-2.013246839,-2.028231077,1
0.050011667,0.02700625,0.108025,0.062241722,7.531380753,6.818435154,0.137142857,-2.026399534,-2.047326095,1
0.115181667,0.04352125,0.174085,0.106502202,6.754221388,3.999591412,0.157460317,-1.96399336,-1.995221517,1
0.025365,0.01678625,0.067145,0.037522046,7.826086957,6.823695185,0.137142857,-2.03187674,-2.068382336,1
0.03379,0.02070375,0.082815,0.045326126,7.741935484,5.774922428,0.138265306,-2.028260768,-2.062950744,1
0.041336667,0.020495417,0.081981667,0.048973725,7.692307692,3.521940625,0.136836735,-2.031701651,-2.059758154,1
0.058631667,0.02922625,0.116905,0.072780832,7.37704918,6.378800628,0.137653061,-2.028577297,-2.034683505,1
0.032225,0.016467083,0.065868333,0.039722361,7.792207792,6.398893378,0.137040816,-2.030753805,-2.06619125,1
0.049931667,0.035083333,0.140333333,0.075558369,7.317073171,6.476419042,0.139965986,-2.015049204,-2.031563403,1
0.058558333,0.020881667,0.083526667,0.058978717,7.578947368,6.272602894,0.137755102,-2.029870326,-2.051565159,1
0.050121667,0.02280125,0.091205,0.059479381,7.570977918,6.443266944,0.137857143,-2.019475601,-2.049508566,1
0.040221667,0.016364167,0.065456667,0.039849193,7.792207792,6.014464017,0.137959184,-2.032284485,-2.066526654,1
0.025415,0.019063333,0.076253333,0.043044005,7.77537797,4.452267708,0.137142857,-2.02708897,-2.064656308,1
0.04121,0.024622083,0.098488333,0.056385506,7.602956705,5.824503511,0.137040816,-2.031206011,-2.053520114,1
0.03285,0.012478333,0.049913333,0.033775315,7.851690294,4.337327693,0.13755102,-2.031173353,-2.070147988,1
0.033131667,0.022802083,0.091208333,0.05238642,7.659574468,6.348814775,0.136938776,-2.028449127,-2.056433934,1
0.041726667,0.020760833,0.083043333,0.049919468,7.692307692,5.940413439,0.136836735,-2.031701651,-2.059758154,1
0.033345,0.022609167,0.090436667,0.049901182,7.684098186,6.656351,0.13755102,-2.025098833,-2.058545047,1
0.092376667,0.03564375,0.142575,0.086458988,7.157057654,2.414481769,0.146575964,-2.001808178,-2.024068034,1
0.057516667,0.027002917,0.108011667,0.063146177,7.51565762,4.824100901,0.137959184,-2.028931317,-2.047398693,1
0.065525,0.043506667,0.174026667,0.093739596,7.003891051,6.715640429,0.152789116,-1.960420759,-2.003466482,1
0.033271667,0.016733333,0.066933333,0.043329117,7.766990291,6.46974038,0.137857143,-2.028317019,-2.063933338,1
0.017021667,0.012209583,0.048838333,0.030480989,7.877461707,2.665710141,0.135918367,-2.033425167,-2.071397089,1
0.016813333,0.008210833,0.032843333,0.018372504,7.955801105,5.841271818,0.136938776,-2.034168277,-2.076696497,1
0.025141667,0.02071875,0.082875,0.049772862,7.692307692,6.817538015,0.136632653,-2.030091042,-2.057871354,1
0.033955,0.018871667,0.075486667,0.043917701,7.766990291,4.814621632,0.136632653,-2.031122385,-2.064298373,1
0.024901667,0.01861375,0.074455,0.043771013,7.75862069,6.639025446,0.13744898,-2.021491229,-2.063202435,1
0.032495,0.020646667,0.082586667,0.054436005,7.627118644,6.332444066,0.138571429,-2.006593022,-2.052550103,1
0.06643,0.02694,0.10776,0.067389705,7.453416149,6.631524039,0.13755102,-2.030452339,-2.043708618,1
0.016813333,0.008210833,0.032843333,0.018372504,7.955801105,5.845972823,0.136938776,-2.034168277,-2.076696497,1
0.025833333,0.022610417,0.090441667,0.048551077,7.700534759,5.558316113,0.138265306,-2.02190131,-2.059094517,1
0.033955,0.018871667,0.075486667,0.043917701,7.766990291,4.814490774,0.136632653,-2.031122385,-2.064298373,1
0.024901667,0.01861375,0.074455,0.043771013,7.75862069,6.636262284,0.13744898,-2.021491229,-2.063202435,1
0.074335,0.026865833,0.107463333,0.070130849,7.407407407,6.265083687,0.138673469,-2.030969189,-2.041118906,1
0.058358333,0.031259167,0.125036667,0.079299793,7.265388496,6.395577497,0.139421769,-2.017872209,-2.026361729,1
0.075203333,0.033433333,0.133733333,0.075593924,7.33197556,6.594213077,0.143197279,-2.009762763,-2.036203524,1
0.041091667,0.025177917,0.100711667,0.067641295,7.453416149,6.250736599,0.139489796,-1.995921928,-2.037096021,1
0.074056667,0.029146667,0.116586667,0.073798823,7.346938776,5.645919355,0.13755102,-2.031454031,-2.037174432,1
0.082183333,0.030602917,0.122411667,0.07920365,7.250755287,6.607301448,0.138265306,-2.031542259,-2.029162667,1
0.033535,0.022690417,0.090761667,0.050327011,7.684098186,6.592251847,0.136632653,-2.031711402,-2.05866201,1
0.025021667,0.018339583,0.073358333,0.039167255,7.800650054,5.783265366,0.13877551,-2.019555118,-2.066363211,1
0.033486667,0.022639167,0.090556667,0.055105597,7.619047619,6.585805315,0.137244898,-2.025854403,-2.05336573,1
0.033705,0.024734167,0.098936667,0.064754381,7.49219563,5.231949631,0.141938776,-1.962343242,-2.039247123,1
0.055331667,0.032176667,0.128706667,0.070775162,7.369498465,1.225200271,0.137142857,-2.03006403,-2.036492643,1
0.107851667,0.031171667,0.124686667,0.090154547,7.072691552,6.775931419,0.145975057,-2.011453592,-2.021468556,1
0.042478333,0.022707917,0.090831667,0.049586037,7.692307692,1.276355225,0.138265306,-2.028260768,-2.060017923,1
0.049348333,0.024772083,0.099088333,0.057456788,7.586933614,4.942501028,0.137244898,-2.031543636,-2.052624492,1
0.041625,0.030800833,0.123203333,0.066747405,7.453416149,4.649912278,0.137857143,-2.016689151,-2.040713135,1
0.050811667,0.027205417,0.108821667,0.062065706,7.539267016,6.317116897,0.13755102,-2.031020474,-2.049124217,1
0.0597,0.025046667,0.100186667,0.059142045,7.586933614,4.643960447,0.13755102,-2.032675079,-2.053687761,2
0.024823333,0.0127275,0.05091,0.032955008,7.860262009,5.509165408,0.136632653,-2.030549539,-2.07061119,2
0.024463333,0.018451667,0.073806667,0.040374548,7.792207792,3.888391561,0.136632653,-2.02760413,-2.065742533,2
0.041036667,0.028699167,0.114796667,0.061357751,7.531380753,6.726022688,0.13877551,-2.026375315,-2.048730183,2
0.04983,0.024456667,0.097826667,0.057910098,7.578947368,6.601090667,0.136836735,-2.030963939,-2.051408068,2
0.034513333,0.024866667,0.099466667,0.055853323,7.547169811,1.037832995,0.136938776,-2.028373278,-2.048407487,2
0.050937255,0.019780483,0.079121933,0.056380456,7.601180891,6.420463849,0.137959184,-2.021128132,-2.051747772,2
0.05791,0.027383333,0.109533333,0.063356591,7.523510972,6.038002097,0.137346939,-2.032419774,-2.048124631,2
0.024593333,0.020718333,0.082873333,0.053715572,7.643312102,5.39121415,0.139081633,-2.001174367,-2.053503783,2
0.07419,0.031166667,0.124666667,0.077005792,7.302231237,5.767022559,0.137142857,-2.029762297,-2.034287971,2
0.074416667,0.020819167,0.083276667,0.06130903,7.539267016,6.587145097,0.142857143,-2.021767756,-2.051728408,2
0.099323333,0.037288333,0.149153333,0.095260929,6.969990319,6.420304855,0.15452381,-1.971676338,-2.009269251,2
0.033076667,0.0164475,0.06579,0.04181357,7.77537797,5.827995324,0.13877551,-2.014398744,-2.065212637,2
0.056733333,0.02431,0.09724,0.060034654,7.539267016,6.586309529,0.137142857,-2.031911409,-2.049659574,2
0.043003333,0.021055,0.08422,0.054138754,7.643312102,1.360698304,0.137857143,-2.021413923,-2.056390628,2
0.05789,0.027243333,0.108973333,0.06849697,7.438016529,6.603632779,0.137959184,-2.02011918,-2.038828249,2
0.034513333,0.024866667,0.099466667,0.055853323,7.547169811,1.037832995,0.136938776,-2.028373278,-2.048407487,2
0.024123333,0.016636667,0.066546667,0.044216675,7.75862069,6.194487833,0.140408163,-1.982633585,-2.062360968,2
0.06439,0.040986667,0.163946667,0.089972058,7.045009785,6.269791788,0.145351474,-1.998813524,-2.009618262,2
0.04999,0.031011667,0.124046667,0.074213339,7.339449541,6.267033569,0.139489796,-2.017896021,-2.031624463,2
0.073493333,0.032851667,0.131406667,0.078165545,7.265388496,6.597141391,0.140697279,-2.033231551,-2.03269739,2
0.024543333,0.018374167,0.073496667,0.039967154,7.792207792,6.272840071,0.136938776,-2.026603146,-2.065893713,2
0.025543333,0.014026667,0.056106667,0.036944709,7.817589577,1.928582252,0.138979592,-2.001639751,-2.067038686,2
0.039863333,0.022419167,0.089676667,0.053966716,7.627118644,4.634206362,0.13744898,-2.025270757,-2.053613325,2
0.058223333,0.026258333,0.105033333,0.062125933,7.51565762,6.72122714,0.136632653,-2.031823669,-2.047203628,2
0.041213333,0.024623333,0.098493333,0.05782928,7.586933614,5.9048017,0.136734694,-2.030802347,-2.05140558,2
0.017093333,0.014266667,0.057066667,0.030675308,7.877461707,6.082980605,0.136632653,-2.027485328,-2.071557353,2
0.04141,0.020726667,0.082906667,0.0495827,7.692307692,6.239269475,0.137142857,-2.03026914,-2.059257961,2
0.01619,0.010015,0.04006,0.023860383,7.920792079,4.560050039,0.137653061,-2.017402474,-2.07430738,2
0.05112,0.024640833,0.098563333,0.056928012,7.594936709,4.647943602,0.13755102,-2.031020474,-2.053087694,2
0.02496,0.014075833,0.056303333,0.033283031,7.851690294,1.875653398,0.136734694,-2.031612007,-2.070055222,2
0.04774,0.022103333,0.088413333,0.052654674,7.635206787,2.953130113,0.137142857,-2.031768112,-2.055655268,2
0.03308,0.020954167,0.083816667,0.052820035,7.651434644,5.816155593,0.139489796,-1.995850094,-2.054383253,2
0.05728,0.01866,0.07464,0.052980171,7.643312102,4.952963415,0.138571429,-2.031249303,-2.056884537,2
0.04096,0.02025,0.081,0.044534872,7.741935484,4.890386143,0.13755102,-2.030967895,-2.063286148,2
0.057963333,0.018684167,0.074736667,0.056394959,7.602956705,2.105563991,0.13755102,-2.031173353,-2.053358532,2
0.02397,0.0121825,0.04873,0.028300623,7.894736842,4.732463518,0.136836735,-2.033520375,-2.072860246,2
0.033293333,0.018534167,0.074136667,0.054748188,7.627118644,6.280624388,0.142857143,-1.945910149,-2.050973803,2
0.049253333,0.022535833,0.090143333,0.05225873,7.651434644,2.689343547,0.137653061,-2.030254555,-2.057513352,2
0.050346667,0.035294167,0.141176667,0.074209933,7.346938776,5.815844219,0.139693878,-2.01983994,-2.034181611,2
0.06774,0.018999167,0.075996667,0.055760466,7.627118644,6.150834531,0.142857143,-2.021767756,-2.056990601,2
0.033286667,0.014429167,0.057716667,0.035443036,7.77537797,1.115848094,0.137244898,-2.033350836,-2.065515002,2
0.071876667,0.0240675,0.09627,0.064821488,7.453416149,1.728945744,0.139489796,-2.029627874,-2.044875622,2
0.034063333,0.018505833,0.074023333,0.043317542,7.75862069,3.827173529,0.136938776,-2.029880964,-2.063702628,2
0.048493333,0.024523333,0.098093333,0.057542991,7.578947368,6.006864557,0.136938776,-2.029520135,-2.051052122,2
0.05687,0.022661667,0.090646667,0.05624376,7.602956705,5.938700606,0.137857143,-2.030352731,-2.054165204,2
0.024033333,0.018585,0.07434,0.054186934,7.635206787,4.771653755,0.142857143,-1.945910149,-2.05140631,2
0.058353333,0.028989167,0.115956667,0.065996276,7.468879668,6.605503092,0.136938776,-2.032431439,-2.044161155,2
0.056733333,0.02431,0.09724,0.060034654,7.539267016,6.587089669,0.137142857,-2.031911409,-2.049659574,2
0.09011,0.028775,0.1151,0.079539663,7.243460765,6.554903566,0.139897959,-2.029232923,-2.031359825,2
0.036677391,0.02350875,0.094035,0.052989583,7.613701785,3.386975311,0.137142857,-2.028673164,-2.053510089,3
0.020859145,0.013538889,0.054155556,0.032477073,7.862722573,6.064202261,0.13755102,-2.02167047,-2.070496831,3
0.038753103,0.02258431,0.090337241,0.049286325,7.697940503,4.91287985,0.137857143,-2.029797693,-2.060129752,3
0.045303793,0.019584224,0.078336897,0.047241291,7.680365297,3.509356923,0.137142857,-2.032814258,-2.058927921,3
0.031939737,0.023511557,0.094046228,0.050865419,7.662735849,2.471165884,0.136938776,-2.030575364,-2.057209996,3
0.039368103,0.023310647,0.093242586,0.058309073,7.576576577,5.874379409,0.137755102,-2.019767228,-2.050000448,3
0.068447311,0.018754748,0.075018992,0.059806152,7.576779026,6.122913937,0.14122449,-2.026054252,-2.05314944,3
0.025025,0.016265417,0.065061667,0.037033115,7.817589577,5.919462011,0.136326531,-2.033522453,-2.067641171,3
0.046090171,0.022128397,0.08851359,0.054387221,7.634690463,6.125192534,0.137959184,-2.021128132,-2.05506662,3
0.062669188,0.027958622,0.111834487,0.065611421,7.47624249,5.822323315,0.137959184,-2.028931317,-2.045095494,3
0.05133615,0.022801637,0.091206549,0.056917996,7.58704694,6.280974777,0.13755102,-2.025639325,-2.05246733,3
0.061605172,0.024934483,0.099737931,0.067022168,7.442477876,4.350298061,0.13744898,-2.028648257,-2.040377778,3
0.045475171,0.019741645,0.078966581,0.049386868,7.686131387,6.11544537,0.137959184,-2.027601538,-2.058796086,3
0.048950588,0.023609769,0.094439076,0.063733262,7.480718436,5.941954412,0.13755102,-2.022069196,-2.041687786,3
0.037523103,0.020144138,0.080576552,0.049074685,7.689142857,6.511270518,0.13755102,-2.021878706,-2.058330401,3
0.052282179,0.0239364,0.095745598,0.064154626,7.47624249,6.697379955,0.137959184,-2.016827136,-2.041851785,3
0.042707227,0.017793393,0.071173571,0.042110418,7.776496431,6.056036655,0.13877551,-2.029756767,-2.065444434,3
0.052606102,0.031801822,0.127207288,0.073015825,7.343881857,6.093506203,0.137040816,-2.028970471,-2.0323998,3
0.021036724,0.014803707,0.059214828,0.044124242,7.751152074,5.825693276,0.142857143,-1.945910149,-2.061072433,3
0.034806949,0.020820191,0.083280763,0.04764844,7.709856035,6.569431123,0.136938776,-2.028066282,-2.060263045,3
0.030277414,0.019050302,0.076201207,0.04245979,7.769053118,5.076850952,0.136734694,-2.030442915,-2.064288485,3
0.038447391,0.016517065,0.066068261,0.039558918,7.793164408,6.186381401,0.137959184,-2.031476216,-2.066645468,3
0.027407373,0.019307458,0.077229831,0.046928567,7.718403548,5.572000825,0.137959184,-2.01408956,-2.059847154,3
0.031131739,0.011686522,0.046746087,0.030340985,7.876712329,4.716612449,0.13877551,-2.025777555,-2.071711993,3
0.020069145,0.008498697,0.033994786,0.022884331,7.926462073,5.402668486,0.13877551,-2.025777555,-2.074724248,3
0.062859188,0.020044145,0.080176581,0.058296746,7.583933518,5.380851441,0.139183673,-2.029907341,-2.052632339,3
0.018202797,0.015006419,0.060025678,0.034064915,7.84009009,3.608622896,0.136836735,-2.02725035,-2.068859402,3
0.028491154,0.015928173,0.063712692,0.039718518,7.782262649,4.535816612,0.13755102,-2.022069196,-2.064859598,3
0.043481525,0.018901547,0.075606186,0.045492883,7.735555556,4.101149558,0.13744898,-2.032434962,-2.06264804,3
0.045553793,0.021205474,0.084821897,0.047490215,7.706758305,5.745558692,0.13877551,-2.029756767,-2.061030156,3
0.029186154,0.017724893,0.070899573,0.039110047,7.8,6.018150701,0.137142857,-2.027566413,-2.066438639,3
0.036953103,0.017470216,0.069880862,0.040867368,7.769053118,3.691681495,0.137040816,-2.032503382,-2.064762073,3
0.037653103,0.021397974,0.085591897,0.048112361,7.706758305,5.931903904,0.136734694,-2.033079834,-2.060524811,3
0.057468696,0.023267554,0.093070217,0.06384226,7.492917847,6.392800263,0.13755102,-2.025639325,-2.043500153,3
0.025500504,0.019596838,0.078387353,0.043567209,7.750957854,6.086774459,0.137959184,-2.023311246,-2.063032818,3
0.014865435,0.013260217,0.05304087,0.029741371,7.886106142,3.153278154,0.13755102,-2.023443591,-2.071964337,3
0.030102414,0.018521552,0.074086207,0.051846569,7.645454545,6.147412652,0.142857143,-1.945910149,-2.052571493,3
0.035106949,0.013110275,0.052441102,0.035044447,7.84009009,5.635986989,0.138673469,-2.027696962,-2.069391562,3
0.048273596,0.023640811,0.094563246,0.05825847,7.573426573,5.089642975,0.13744898,-2.025270757,-2.049920268,3
0.034891949,0.020696441,0.082785763,0.045926905,7.726970033,4.999752978,0.137142857,-2.031768714,-2.061864089,3
0.035606949,0.016819153,0.06727661,0.041074336,7.787472036,4.830992861,0.137040816,-2.03096546,-2.065765361,3
0.069100254,0.027723284,0.110893136,0.069409418,7.414270501,5.242772629,0.13755102,-2.032465095,-2.040571886,3
0.021091724,0.019861638,0.079446552,0.043350268,7.751152074,4.843788076,0.13755102,-2.024754938,-2.062731022,3
0.066572311,0.027302489,0.109209958,0.06621589,7.449237244,5.810372966,0.137959184,-2.028931317,-2.043517843,3
0.051765588,0.023666019,0.094664076,0.056803371,7.593029491,5.833393824,0.137142857,-2.029220084,-2.052501844,3
0.020824145,0.011150855,0.044603419,0.024719493,7.926462073,2.680505787,0.137959184,-2.029247699,-2.074852934,3
0.048593043,0.015700598,0.062802391,0.041750516,7.77483833,5.297069925,0.14,-2.028722284,-2.065772586,3
0.026832373,0.016892903,0.06757161,0.03775316,7.82247191,5.515338601,0.136938776,-2.031881125,-2.068094775,3
0.034237035,0.020728949,0.082915796,0.045795898,7.734100545,6.559003283,0.137142857,-2.028673164,-2.062065312,3
0.031736949,0.012004703,0.048018814,0.02922238,7.875565611,1.874617472,0.140408163,-2.028289941,-2.071908317,3
0.044100606,0.020242879,0.080971515,0.048374263,7.697201018,3.577344851,0.13744898,-2.032434962,-2.060123673,4
0.040673333,0.025111296,0.100445185,0.058002301,7.583875163,6.155083058,0.136938776,-2.026662732,-2.050960908,4
0.041870966,0.026465826,0.105863302,0.06160127,7.527284681,6.46988485,0.137142857,-2.027566413,-2.046598933,4
0.033417358,0.010218208,0.04087283,0.029795071,7.879382889,5.701566162,0.139795918,-2.029615723,-2.072075662,4
0.066713884,0.034310459,0.137241835,0.074432855,7.311384615,5.554516128,0.13877551,-2.029756767,-2.032860006,4
0.05656,0.020441429,0.081765714,0.05308847,7.593220339,1.283119273,0.138979592,-2.030740376,-2.05394649,4
0.025906486,0.021151261,0.084605045,0.045872513,7.72476489,5.455481921,0.13877551,-2.019555118,-2.060885574,4
0.028405714,0.020669286,0.082677143,0.044802622,7.762376238,1.880799237,0.13877551,-2.019555118,-2.06380037,4
0.02465271,0.014803583,0.05921433,0.031727622,7.868728522,5.21985231,0.13755102,-2.03067619,-2.071116539,4
0.061109189,0.029228874,0.116915495,0.070107771,7.373429084,4.260631016,0.13755102,-2.028171713,-2.039215536,4
0.015359587,0.011418142,0.045672566,0.02712637,7.896722325,2.59534961,0.137959184,-2.016242431,-2.072726942,4
0.031927407,0.017806852,0.071227407,0.042600025,7.755319149,5.281752697,0.136734694,-2.03120811,-2.063716604,4
0.043457987,0.023539528,0.094158113,0.05510252,7.612466125,5.64132588,0.137040816,-2.031396764,-2.054051878,4
0.048256923,0.028951154,0.115804615,0.073814611,7.357823129,6.139186466,0.137959184,-2.014236927,-2.028984113,4
0.039097615,0.020747324,0.082989297,0.046707889,7.699935191,4.246467163,0.13755102,-2.025098833,-2.05959304,4
0.039090948,0.030493394,0.121973578,0.070575552,7.365778053,5.262483371,0.13755102,-2.02620598,-2.03264322,4
0.033798505,0.015889751,0.063559003,0.037739386,7.815017065,4.602590052,0.137959184,-2.028931317,-2.067609893,4
0.025649145,0.018838761,0.075355044,0.047021598,7.724742892,5.523237073,0.13755102,-2.02167047,-2.060512591,4
0.05087115,0.01871674,0.074866962,0.049133116,7.678292243,4.844873833,0.13877551,-2.028712799,-2.059314757,4
0.036193162,0.017237778,0.068951111,0.039601755,7.8,6.581516211,0.13877551,-2.026375315,-2.067186811,4
0.044077987,0.020923082,0.083692327,0.048205436,7.706447188,4.575092018,0.137142857,-2.033345881,-2.060796234,4
0.026966486,0.009935,0.03974,0.026610738,7.90314304,4.522223585,0.13877551,-2.028712799,-2.073423094,4
0.036742162,0.017531622,0.070126486,0.045343089,7.744186047,5.987686976,0.13877551,-2.025777555,-2.062374726,4
0.037976364,0.023051818,0.092207273,0.05034355,7.658227848,4.970237623,0.13877551,-2.026375315,-2.0576752,4
0.024755811,0.014440531,0.057762124,0.044441971,7.743480898,5.81054691,0.14122449,-1.973197594,-2.060925794,4
0.031905171,0.019494813,0.077979252,0.044903495,7.741041244,5.358399016,0.137142857,-2.029011953,-2.062468785,4
0.037276364,0.022237273,0.088949091,0.049390529,7.687420584,5.205929376,0.137040816,-2.030479671,-2.059055701,4
0.024602478,0.014123746,0.056494985,0.031384921,7.867529267,5.553010195,0.137959184,-2.029247699,-2.071098337,4
0.057811852,0.032643148,0.130572593,0.073615348,7.326633166,6.12659328,0.143265306,-2.008127402,-2.03416987,4
0.04880526,0.016701835,0.066807339,0.043923995,7.750163079,5.719595707,0.14,-2.028722284,-2.06404865,4
0.026729969,0.024072661,0.096290642,0.0513953,7.650354153,2.553067634,0.13877551,-2.019555118,-2.05550667,4
0.03764303,0.026399394,0.105597576,0.057888034,7.5625,4.742036306,0.136938776,-2.029806129,-2.049956569,4
0.029246154,0.021161282,0.084645128,0.051126404,7.670921986,5.872841015,0.137142857,-2.024271453,-2.056746674,4
0.024982478,0.01968615,0.078744602,0.048638271,7.687537628,5.557872853,0.139183673,-2.00099352,-2.05720257,4
0.036058095,0.020298095,0.081192381,0.056123988,7.598208132,5.462936366,0.13877551,-2.00907137,-2.051033681,4
0.040416364,0.02568,0.10272,0.057458875,7.610062893,3.53776121,0.136734694,-2.031612007,-2.053650964,4
0.029609969,0.014941682,0.059766728,0.042726996,7.740065147,4.396501282,0.139183673,-2.00099352,-2.06115825,4
0.04566826,0.026894145,0.107576578,0.062472482,7.551153164,1.218290303,0.137142857,-2.028738812,-2.04907794,4
0.027012121,0.018036515,0.072146061,0.044858655,7.716836735,2.83340197,0.136836735,-2.028443059,-2.059916459,4
0.036711429,0.019884762,0.079539048,0.048300559,7.704402516,4.727913696,0.137142857,-2.027566413,-2.059829443,4
0.044271171,0.020456396,0.081825586,0.052714255,7.629102167,3.422670991,0.137959184,-2.021128132,-2.055280112,4
0.034474286,0.017285476,0.069141905,0.038401686,7.800995025,4.941894691,0.13755102,-2.03101035,-2.067093566,4
0.023014815,0.017089444,0.068357778,0.04029334,7.786381842,4.099540528,0.13755102,-2.01774898,-2.0650018,4
0.020954545,0.01341803,0.053672121,0.029182249,7.887874837,5.894845689,0.136632653,-2.03359811,-2.07237695,4
0.043946838,0.01916953,0.07667812,0.047186534,7.712112676,3.927994005,0.13755102,-2.030211991,-2.061355432,4
0.034447619,0.014943333,0.059773333,0.038811483,7.800995025,4.596400603,0.137346939,-2.027831196,-2.066583311,4
0.023721481,0.021347407,0.08538963,0.045123272,7.734748011,5.861555006,0.13877551,-2.019555118,-2.061634486,4
0.019097477,0.015186036,0.060744144,0.039695405,7.803039899,5.211088927,0.14,-1.98948865,-2.065819829,4
0.036835495,0.020954595,0.083818378,0.056495859,7.591497227,6.054640233,0.139183673,-2.00099352,-2.049792041,4
0.024742478,0.013862198,0.055448791,0.032668427,7.857846154,4.733473815,0.137142857,-2.027566413,-2.070269018,4
0.038,0.021028241,0.084112963,0.051909061,7.643512451,3.663035355,0.13755102,-2.021878706,-2.054967064,5
0.060854245,0.026662303,0.106649214,0.065463528,7.441059603,5.421044277,0.13755102,-2.030353538,-2.041817077,5
0.026755952,0.024292262,0.097169048,0.060432049,7.546201232,5.584866555,0.14122449,-1.973197594,-2.04481361,5
0.030863303,0.017916093,0.071664373,0.040652672,7.790819672,5.246848313,0.13755102,-2.023562393,-2.065703229,5
0.024160063,0.017849175,0.071396698,0.038555976,7.791955617,6.463481748,0.136632653,-2.030822084,-2.065978214,5
0.028803788,0.020093561,0.080374242,0.050271991,7.667934094,5.573102248,0.137959184,-2.014353035,-2.05616869,5
0.052046429,0.017688393,0.070753571,0.047697631,7.705159705,5.512029606,0.139897959,-2.029169004,-2.061156617,5
0.0394,0.015328704,0.061314815,0.037970849,7.796791444,5.596307692,0.138163265,-2.032138188,-2.066779678,5
0.051282817,0.024625811,0.098503245,0.056957161,7.578041543,5.386211697,0.137142857,-2.031649921,-2.051489274,5
0.027303788,0.01213428,0.048537121,0.029666222,7.867360208,2.682457046,0.136632653,-2.034418134,-2.071201887,5
0.036119697,0.013532197,0.054128788,0.034449508,7.836787565,5.544629389,0.138571429,-2.031249303,-2.069339811,5
0.031713406,0.015993931,0.063975725,0.03884313,7.802359882,5.323426464,0.137959184,-2.016505174,-2.066396297,5
0.039091667,0.022081481,0.088325926,0.050001497,7.663600526,5.524553912,0.137040816,-2.031494175,-2.057416182,5
0.029963303,0.014795432,0.059181728,0.036062338,7.821593153,4.757450026,0.137959184,-2.02011918,-2.067830922,5
0.032799074,0.017958102,0.071832407,0.043323231,7.755319149,4.760420466,0.136734694,-2.03120811,-2.063716604,5
0.036569697,0.013280114,0.053120455,0.03369087,7.84695201,6.305482197,0.139387755,-2.030285731,-2.070098266,5
0.019954545,0.011329735,0.045318939,0.027980482,7.887874837,5.797368392,0.136530612,-2.029538871,-2.072268399,5
0.044777273,0.022630871,0.090523485,0.064460037,7.459926017,3.97521115,0.138673469,-2.012265001,-2.039342017,5
0.035678829,0.022865315,0.091461261,0.051478182,7.657551274,2.428442316,0.137142857,-2.025794802,-2.056479916,5
0.025524377,0.017596281,0.070385125,0.039465536,7.804362645,5.329091235,0.137142857,-2.027327309,-2.066695048,5
0.029981472,0.020540716,0.082162864,0.048172831,7.70442992,5.563290951,0.13755102,-2.021180572,-2.059162986,5
0.037586364,0.020683144,0.082732576,0.053183792,7.638888889,5.668749583,0.137857143,-2.017224166,-2.054458559,5
0.022898148,0.014719213,0.058876852,0.034976423,7.838709677,5.683155022,0.136836735,-2.027866494,-2.068764825,5
0.02412673,0.009831958,0.03932783,0.025809112,7.901547117,5.195102339,0.136938776,-2.030603118,-2.073295066,5
0.018182143,0.01664494,0.066579762,0.042473249,7.75862069,5.873590837,0.14122449,-1.973197594,-2.06241191,5
0.028423139,0.021549919,0.086199676,0.049847124,7.64888248,3.916023764,0.13755102,-2.023443591,-2.055731819,5
0.048178593,0.026997133,0.107988532,0.05988774,7.543492063,6.109269662,0.137959184,-2.029247699,-2.049841248,5
0.041341667,0.014477546,0.057910185,0.037165249,7.81769437,2.081215646,0.13877551,-2.031697735,-2.068265133,5
0.024849377,0.016796281,0.067185125,0.038357647,7.804362645,4.880329461,0.137142857,-2.027327309,-2.066695048,5
0.034335692,0.019190881,0.076763522,0.042881162,7.759668508,3.834178861,0.137142857,-2.031768714,-2.064084381,5
0.030896078,0.012863725,0.051454902,0.040082359,7.78742515,5.517945342,0.139795918,-1.990240877,-2.064776726,5
0.041175,0.018081019,0.072324074,0.044985003,7.74501992,5.009266039,0.137142857,-2.031768112,-2.063171627,5
0.019662879,0.011531818,0.046127273,0.027977277,7.898172324,4.809962124,0.136836735,-2.027866494,-2.072874909,5
0.012914679,0.008789698,0.035158792,0.022387193,7.936539746,5.046020011,0.139183673,-2.00099352,-2.075316275,5
0.051945283,0.016461557,0.065846226,0.047841636,7.695890411,5.341807489,0.138673469,-2.029109829,-2.060395013,5
0.060115888,0.020135981,0.080543925,0.052706644,7.637758506,5.780361674,0.14,-2.028722284,-2.057249383,5
0.029320455,0.022041856,0.088167424,0.048369464,7.697201018,5.458762401,0.136734694,-2.030203811,-2.059331733,5
0.016270249,0.011030685,0.044122741,0.025400664,7.923183391,3.133488823,0.13755102,-2.02167047,-2.074515541,5
0.017365476,0.015,0.06,0.032051718,7.859649123,4.852372766,0.138265306,-2.02190131,-2.070287213,5
0.021638991,0.012662271,0.050649083,0.031430817,7.863004633,5.663742193,0.137959184,-2.016505174,-2.070379046,5
0.019912879,0.015477841,0.061911364,0.032880541,7.857142857,5.87122968,0.136632653,-2.029308265,-2.070268599,5
0.039508333,0.017828935,0.071315741,0.045139035,7.734748011,5.249819074,0.137040816,-2.028666353,-2.06201898,5
0.02570173,0.014911399,0.059645597,0.034537038,7.846368715,3.194816135,0.136632653,-2.030394071,-2.06952193,5
0.063630856,0.024686036,0.098744144,0.062376389,7.499087036,1.726777167,0.13877551,-2.028712799,-2.047658756,5
0.042469654,0.020315998,0.081263994,0.048650276,7.674863388,5.054239996,0.137244898,-2.029475094,-2.058205365,5
0.044493939,0.019583712,0.078334848,0.047951127,7.687420584,3.024483982,0.137040816,-2.032229179,-2.058991983,5
0.019672324,0.013474446,0.053897783,0.033461075,7.842244224,4.640133201,0.13755102,-2.025091487,-2.068907218,5
0.027647619,0.013030655,0.052122619,0.032462705,7.869379015,1.562546496,0.137142857,-2.031169388,-2.071196214,5
0.052920283,0.021609788,0.086439151,0.056005265,7.602165088,5.11335454,0.137346939,-2.029996188,-2.053007112,5
0.043769654,0.013980149,0.055920597,0.038359303,7.802777778,5.613608732,0.139897959,-2.029169004,-2.067386679,5
0.020794545,0.017141818,0.068567273,0.035081172,7.826649418,6.040087771,0.136020408,-2.033263324,-2.068312192,6
0.038187615,0.016724335,0.066897339,0.043721718,7.740065147,5.296331615,0.137959184,-2.021128132,-2.0623176,6
0.021848991,0.009038509,0.036154037,0.021689124,7.936539746,5.855173907,0.137959184,-2.028931317,-2.075520161,6
0.015470877,0.008902675,0.035610702,0.021798786,7.934065934,5.684869914,0.136530612,-2.029727314,-2.07525791,6
0.031263303,0.012942179,0.051768716,0.034637302,7.852610707,4.043827336,0.137959184,-2.021128132,-2.069899616,6
0.030643303,0.016969427,0.067877706,0.045493267,7.719948018,5.671781405,0.139183673,-2.00099352,-2.05979597,6
0.026665455,0.013840227,0.055360909,0.037791387,7.796391753,4.50463761,0.137857143,-2.012143092,-2.065567259,6
0.024783396,0.015302311,0.061209245,0.040832558,7.770401107,4.69832015,0.140408163,-1.982633585,-2.063237828,6
0.038456667,0.022763056,0.091052222,0.052180851,7.623529412,2.37719395,0.137040816,-2.02833774,-2.054160337,6
0.024333396,0.015726557,0.062906226,0.036898037,7.802777778,4.80492297,0.136938776,-2.030575364,-2.066704621,6
0.041404299,0.019878481,0.079513925,0.048769605,7.689053056,5.972390105,0.13755102,-2.028171713,-2.059106437,6
0.012104679,0.008102523,0.032410092,0.017759944,7.957803081,4.369868188,0.13755102,-2.025098833,-2.076788102,6
0.025805714,0.013120357,0.052481429,0.031223054,7.869510665,5.532776358,0.137040816,-2.029635094,-2.071146416,6
0.022098991,0.016144243,0.064576972,0.035236032,7.842244224,5.176601864,0.13877551,-2.026375315,-2.069443758,6
0.033067358,0.010133208,0.04053283,0.027940751,7.890449438,4.923881053,0.141938776,-2.024352105,-2.072862738,6
0.019864144,0.012225856,0.048903423,0.027405808,7.90314304,6.407593623,0.13755102,-2.029670185,-2.073342475,6
0.026033153,0.009101104,0.036404414,0.023996399,7.913294798,5.650759973,0.139183673,-2.029907341,-2.074116779,6
0.013568889,0.008784259,0.035137037,0.019735887,7.945504087,5.131950579,0.135816327,-2.035027651,-2.076005726,6
0.025465714,0.010848214,0.043392857,0.026794697,7.899244332,5.133215053,0.136734694,-2.033744851,-2.073217118,6
0.025840952,0.017244643,0.068978571,0.04010331,7.78052223,3.485271297,0.13755102,-2.021180572,-2.064771599,6
0.028016154,0.011854231,0.047416923,0.030735832,7.871906841,5.244132036,0.137040816,-2.028666353,-2.071243605,6
0.024353396,0.014882311,0.059529245,0.040511569,7.770401107,5.907769941,0.140408163,-1.982633585,-2.063237828,6
0.032407407,0.016016204,0.064064815,0.036507543,7.828187919,4.882088188,0.136938776,-2.032640433,-2.068521478,6
0.018104545,0.009420909,0.037683636,0.022263635,7.929226737,1.629810666,0.136530612,-2.033116961,-2.07498326,6
0.014716916,0.010149019,0.040596075,0.0218785,7.934164934,4.77720287,0.13755102,-2.028018444,-2.075295262,6
0.030158505,0.019375981,0.077503925,0.042531645,7.741041244,4.354803942,0.137959184,-2.029247699,-2.062807656,6
0.027765455,0.014122045,0.056488182,0.035977153,7.826649418,2.352357899,0.13744898,-2.022787556,-2.068157396,6
0.013484679,0.011273693,0.045094771,0.024222572,7.925950634,3.999189816,0.13877551,-2.019555118,-2.074719408,6
0.019597143,0.013757857,0.055031429,0.03464852,7.849812265,6.114334768,0.138163265,-2.010943311,-2.06936779,6
0.012868889,0.010746574,0.042986296,0.025738093,7.902439024,4.125007314,0.135102041,-2.036606335,-2.073034815,6
0.027701739,0.016820761,0.067283043,0.036657559,7.802359882,2.765184401,0.13755102,-2.028640968,-2.066711594,6
0.019414545,0.012273182,0.049092727,0.02685791,7.898172324,5.670128611,0.137857143,-2.02953349,-2.073076942,6
0.032188505,0.017095864,0.068383458,0.037338767,7.815017065,5.252309624,0.137959184,-2.031476216,-2.067741067,6
0.027045455,0.016085455,0.064341818,0.041595025,7.756410256,4.052574025,0.13755102,-2.020354614,-2.062852398,6
0.017500769,0.011879231,0.047516923,0.036051306,7.815028902,5.094067268,0.142857143,-1.945910149,-2.066220532,6
0.012544679,0.009366193,0.037464771,0.022197215,7.91538974,1.859281856,0.13755102,-2.023443591,-2.073953995,6
0.015959434,0.01082783,0.043311321,0.02531839,7.912676056,5.110163911,0.136326531,-2.031873877,-2.073759838,6
0.012214679,0.009766101,0.039064404,0.020867084,7.936539746,4.695362284,0.13755102,-2.027672163,-2.075425822,6
0.033128505,0.015403084,0.061612336,0.036242223,7.815017065,5.659995538,0.137142857,-2.031169388,-2.06783717,6
0.042791321,0.028823255,0.115293019,0.06450792,7.460823373,5.020480653,0.137346939,-2.024915646,-2.040574844,6
0.025530952,0.013045357,0.052181429,0.029575834,7.880629021,5.835736423,0.13755102,-2.03067619,-2.071990786,6
0.037507615,0.014100757,0.056403028,0.037652087,7.801050558,4.69597633,0.137959184,-2.030417279,-2.066811516,6
0.022458148,0.014728796,0.058915185,0.034652134,7.838709677,3.386452905,0.136530612,-2.029727314,-2.068970599,6
0.035362162,0.020541396,0.082165586,0.052591477,7.629102167,5.52860828,0.13877551,-2.014398744,-2.05399836,6
0.028083153,0.016896892,0.067587568,0.040594625,7.79316888,5.66906835,0.13755102,-2.025098833,-2.066014676,6
0.02372271,0.008691238,0.034764953,0.022181711,7.934164934,5.206635347,0.139183673,-2.029649919,-2.075391364,6
0.020844545,0.011057955,0.044231818,0.026758326,7.908496732,3.317206661,0.135918367,-2.035730462,-2.073726846,6
0.029802745,0.010944657,0.043778627,0.02962605,7.8698941,5.079800013,0.137040816,-2.032519467,-2.071253247,6
0.018584545,0.009051591,0.036206364,0.023635593,7.918848168,5.638871631,0.13744898,-2.020793666,-2.074224805,6
0.038327615,0.017249427,0.068997706,0.041930545,7.760287394,4.935679735,0.13755102,-2.02735505,-2.063977409,6
0.00401042,0.002623754,0.010495014,0.006737799,7.996047431,2.37095465,0.142857143,-1.945910149,-2.0791901,8
0.002813333,0.001926667,0.007706667,0.004491493,8,3.901091638,0.125,-2.079441542,-2.079441542,8
0.00212,0.001146667,0.004586667,0.00274919,8,3.99008352,0.125,-2.079441542,-2.079441542,8
0.003543754,0.002353025,0.009412101,0.006160111,7.996047431,1.972835199,0.142857143,-1.945910149,-2.0791901,8
0.003133333,0.001223333,0.004893333,0.003046017,8,4.12818824,0.125,-2.079441542,-2.079441542,8
0.002813333,0.001296667,0.005186667,0.003171568,8,4.06259579,0.125,-2.079441542,-2.079441542,8
0.004171977,0.002936949,0.011747797,0.006500742,7.983944954,1.344971672,0.135714286,-2.037815793,-2.078440222,8
0.00172,0.001226667,0.004906667,0.002840532,8,5.025115523,0.125,-2.079441542,-2.079441542,8
0.002773333,0.0018,0.0072,0.004241174,8,4.482507571,0.125,-2.079441542,-2.079441542,8
0.00244,0.000963333,0.003853333,0.002674788,8,4.129883454,0.125,-2.079441542,-2.079441542,8
0.001813333,0.000956667,0.003826667,0.00208525,8,4.659209047,0.125,-2.079441542,-2.079441542,8
0.004383754,0.001818655,0.007274622,0.004578334,7.978028169,1.135845897,0.13755102,-2.028018444,-2.078068821,8
0.00184,0.00118,0.00472,0.002581576,8,5.024920211,0.125,-2.079441542,-2.079441542,8
0.0022,0.00107,0.00428,0.002614014,8,4.108384147,0.125,-2.079441542,-2.079441542,8
0.0028,0.00145,0.0058,0.003305968,8,3.451494764,0.125,-2.079441542,-2.079441542,8
0.002783754,0.001653754,0.006615014,0.003988699,7.996047431,1.922318365,0.142857143,-1.945910149,-2.0791901,8
0.00204,0.001046667,0.004186667,0.002752873,8,5.106952854,0.125,-2.079441542,-2.079441542,8
0.00216,0.001716667,0.006866667,0.004022603,8,4.9455531,0.125,-2.079441542,-2.079441542,8
0.001893333,0.000743333,0.002973333,0.001780237,8,4.355009944,0.125,-2.079441542,-2.079441542,8
0.002373333,0.000923333,0.003693333,0.002234875,8,4.060539138,0.125,-2.079441542,-2.079441542,8
0.002306667,0.001436667,0.005746667,0.003250491,8,5.446790351,0.125,-2.079441542,-2.079441542,8
0.001973333,0.00059,0.00236,0.001722634,8,3.398576214,0.125,-2.079441542,-2.079441542,8
0.00332,0.00142,0.00568,0.00348263,8,5.136486288,0.125,-2.079441542,-2.079441542,8
0.00164,0.000806667,0.003226667,0.002098804,8,5.208128882,0.125,-2.079441542,-2.079441542,8
0.001346667,0.000943333,0.003773333,0.00209677,8,5.503162602,0.125,-2.079441542,-2.079441542,8
0.00256,0.00081,0.00324,0.002344279,8,4.482652868,0.125,-2.079441542,-2.079441542,8
0.003053333,0.00104,0.00416,0.002829401,8,4.145312759,0.125,-2.079441542,-2.079441542,8
0.00268,0.001533333,0.006133333,0.003352372,8,5.26452058,0.125,-2.079441542,-2.079441542,8
0.00228,0.001426667,0.005706667,0.003133957,8,4.852321813,0.125,-2.079441542,-2.079441542,8
0.002746667,0.001236667,0.004946667,0.002886474,8,4.453455777,0.125,-2.079441542,-2.079441542,8
0.00224,0.001706667,0.006826667,0.003956676,8,4.756213487,0.125,-2.079441542,-2.079441542,8
0.00333042,0.002697199,0.010788796,0.006439991,7.987027637,1.453211099,0.13877551,-2.025777555,-2.078629461,8
0.001173333,0.00064,0.00256,0.001488265,8,4.563074919,0.125,-2.079441542,-2.079441542,8
0.001293333,0.00083,0.00332,0.001905128,8,4.927467295,0.125,-2.079441542,-2.079441542,8
0.00316,0.001466667,0.005866667,0.003578504,8,4.854896402,0.125,-2.079441542,-2.079441542,8
0.002226667,0.001306667,0.005226667,0.002792975,8,3.361903579,0.125,-2.079441542,-2.079441542,8
0.002186667,0.001156667,0.004626667,0.003302847,8,4.981186677,0.125,-2.079441542,-2.079441542,8
0.0022,0.000993333,0.003973333,0.00272356,8,4.951674293,0.125,-2.079441542,-2.079441542,8
0.001986667,0.001186667,0.004746667,0.002766594,8,5.993438565,0.125,-2.079441542,-2.079441542,8
0.001866667,0.00099,0.00396,0.002409094,8,5.319264309,0.125,-2.079441542,-2.079441542,8
0.00264,0.001253333,0.005013333,0.003057697,8,3.584411073,0.125,-2.079441542,-2.079441542,8
0.001906667,0.001543333,0.006173333,0.003394427,8,2.583570681,0.125,-2.079441542,-2.079441542,8
0.002133333,0.000996667,0.003986667,0.002618329,8,5.228093749,0.125,-2.079441542,-2.079441542,8
0.00248,0.00111,0.00444,0.003063941,8,3.673928719,0.125,-2.079441542,-2.079441542,8
0.001373333,0.000856667,0.003426667,0.002190403,8,5.176947604,0.125,-2.079441542,-2.079441542,8
0.002266667,0.000693333,0.002773333,0.001993411,8,4.57498242,0.125,-2.079441542,-2.079441542,8
0.00208,0.000986667,0.003946667,0.002634034,8,3.709575686,0.125,-2.079441542,-2.079441542,8
0.003157087,0.002682297,0.010729188,0.006589141,7.996047431,1.870599322,0.142857143,-1.945910149,-2.0791901,8
0.002413333,0.00071,0.00284,0.002193202,8,4.256396802,0.125,-2.079441542,-2.079441542,8
0.0024,0.001003333,0.004013333,0.002330551,8,3.191155941,0.125,-2.079441542,-2.079441542,8
0.020592754,0.009747826,0.038991304,0.022453372,7.923906531,5.632862103,0.13755102,-2.031020474,-2.074728393,10
0.020371212,0.009845455,0.039381818,0.023407439,7.918848168,5.284471879,0.136326531,-2.033522453,-2.074426838,10
0.023772807,0.008732675,0.034930702,0.022078263,7.934065934,3.620173852,0.137857143,-2.033798504,-2.075384737,10
0.016526254,0.007930863,0.031723451,0.018688899,7.95576324,4.081698096,0.13755102,-2.031020474,-2.076683785,10
0.014734211,0.010169079,0.040676316,0.022875921,7.924390244,3.966270574,0.136632653,-2.029308265,-2.074630809,10
0.015313768,0.007975362,0.031901449,0.017986533,7.95249549,3.50484122,0.13755102,-2.029670185,-2.076474013,10
0.022259145,0.007636578,0.030546313,0.021071499,7.926132837,5.388193256,0.13877551,-2.028712799,-2.074858511,10
0.010663636,0.005260985,0.021043939,0.01402096,7.971014493,4.897460989,0.136734694,-2.021202842,-2.07758957,10
0.016994144,0.009089302,0.036357207,0.021885178,7.923472669,5.134339832,0.13755102,-2.025098833,-2.07468021,10
0.028371739,0.010001993,0.040007971,0.025247649,7.904961148,3.717512217,0.14122449,-2.026054252,-2.073672756,10
0.030294737,0.011183991,0.044735965,0.027125564,7.895504253,2.40894164,0.139795918,-2.029743562,-2.073107511,10
0.025769048,0.008920238,0.035680952,0.022786199,7.92920354,4.848175303,0.139795918,-2.029743562,-2.075138588,10
0.022442478,0.00983385,0.039335398,0.025941751,7.896722325,2.508774514,0.13877551,-2.028712799,-2.072954045,10
0.014997101,0.009203442,0.036813768,0.019983944,7.942942943,4.135245029,0.13755102,-2.028018444,-2.075852366,10
0.014047101,0.007271196,0.029084783,0.015925863,7.962071042,4.200070248,0.13755102,-2.028640968,-2.077054153,10
0.032764286,0.010244048,0.04097619,0.02816567,7.879396985,5.422258354,0.140408163,-2.028321794,-2.072133205,10
0.01682381,0.006804762,0.027219048,0.017337634,7.959390863,4.77306763,0.136632653,-2.036366756,-2.076930966,10
0.009260029,0.005918473,0.023673894,0.016995687,7.965689333,3.63261514,0.14122449,-1.973197594,-2.077225435,10
0.014417544,0.008101096,0.032404386,0.017704689,7.953488372,3.794686013,0.136020408,-2.034857036,-2.07651857,10
0.022309145,0.007643363,0.030573451,0.020305108,7.935985084,4.347824332,0.14122449,-2.026054252,-2.075539919,10
0.020442478,0.00919587,0.036783481,0.022917925,7.916305022,3.201439051,0.137959184,-2.030874511,-2.074225861,10
0.022469048,0.01147619,0.045904762,0.026973252,7.879396985,4.378209411,0.136836735,-2.033520375,-2.071891327,10
0.032497619,0.010260714,0.041042857,0.029013166,7.869510665,3.267730076,0.139387755,-2.030061039,-2.071445713,10
0.011747701,0.006382184,0.025528736,0.014286132,7.971563981,5.073891127,0.136122449,-2.032861543,-2.077655466,10
0.023425811,0.009879683,0.039518732,0.025285884,7.906501548,3.655570959,0.13755102,-2.027971903,-2.073635453,10
0.018710811,0.007557883,0.030231532,0.018229004,7.954163977,4.460717176,0.13877551,-2.029756767,-2.076618991,10
0.01814292,0.009511468,0.03804587,0.022305055,7.926132837,4.546079983,0.137142857,-2.029701561,-2.074779319,10
0.023042478,0.012105642,0.048422566,0.02762839,7.896722325,5.127452649,0.13755102,-2.028640968,-2.072911803,10
0.015109587,0.005382522,0.021530088,0.014563307,7.965689333,4.161473025,0.13877551,-2.028712799,-2.077316435,10
0.022118391,0.011931034,0.047724138,0.025623941,7.905992949,3.464352143,0.136938776,-2.034168277,-2.07354204,10
0.016960811,0.009295833,0.037183333,0.021565081,7.923472669,2.967601513,0.137142857,-2.029011953,-2.07458757,10
0.013917544,0.006877193,0.027508772,0.015967814,7.963235294,4.52179579,0.136530612,-2.034430827,-2.07714567,10
0.01589292,0.011718142,0.046872566,0.025820447,7.906501548,4.406687991,0.13755102,-2.02620598,-2.073465261,10
0.011813636,0.00675303,0.027012121,0.016813663,7.960526316,4.047031534,0.136530612,-2.028109694,-2.076939666,10
0.022909145,0.00795896,0.031835841,0.022644721,7.926132837,5.233114063,0.13877551,-2.028712799,-2.074858511,10
0.018172324,0.010567087,0.042268349,0.022876079,7.91538974,3.32341403,0.137959184,-2.029247699,-2.074157881,10
0.015240476,0.008503571,0.034014286,0.018611484,7.949302915,4.868627246,0.136938776,-2.034168277,-2.076292668,10
0.016490476,0.006221429,0.024885714,0.015772642,7.959390863,4.720738417,0.136632653,-2.036366756,-2.076930966,10
0.026578788,0.01053447,0.042137879,0.025759222,7.898172324,4.467553823,0.138163265,-2.032138188,-2.073158293,10
0.017657143,0.011006548,0.04402619,0.024576603,7.919191919,4.957605345,0.136632653,-2.033253826,-2.074371197,10
0.015167544,0.008905263,0.035621053,0.019392482,7.953488372,4.004209526,0.136020408,-2.034857036,-2.07651857,10
0.023389474,0.012787061,0.051148246,0.028709251,7.88592233,3.669753191,0.136632653,-2.032011704,-2.072194446,10
0.003531818,0.002585227,0.010340909,0.005840729,7.971014493,1.060168556,0.135102041,-2.040143572,-2.077639658,10
0.012134211,0.006162281,0.024649123,0.01453908,7.963235294,3.834567318,0.136530612,-2.034430827,-2.07714567,10
0.017694144,0.005376464,0.021505856,0.015546561,7.964447317,3.408237385,0.14122449,-2.026054252,-2.07726304,10
0.015776254,0.007711578,0.030846313,0.020639962,7.935985084,3.470360222,0.13877551,-2.014398744,-2.075411969,10
0.012778571,0.009256548,0.03702619,0.021912716,7.889308176,1.483581123,0.137040816,-2.028666353,-2.072380394,10
0.017777477,0.009397635,0.037590541,0.022884924,7.913294798,3.283080009,0.13755102,-2.028018444,-2.073986524,10
0.01539292,0.006408481,0.025633923,0.017545423,7.945861854,4.677890678,0.13755102,-2.025091487,-2.076002377,10
0.002492793,0.002051689,0.008206757,0.00563068,7.995457495,4.910169203,0.142857143,-1.945910149,-2.079152184,10
0.029874286,0.015872143,0.063488571,0.036517168,7.781637717,4.421932296,0.136632653,-2.032011704,-2.065382839,12
0.018644144,0.009138604,0.036554414,0.021324186,7.933676755,2.719765076,0.13755102,-2.03067619,-2.075281256,12
0.018184144,0.011612387,0.04644955,0.025921922,7.90314304,2.241379622,0.13755102,-2.029670185,-2.073342475,12
0.031052035,0.014549469,0.058197876,0.036252308,7.790726052,3.376999662,0.137142857,-2.030103557,-2.066146364,12
0.025025714,0.010450714,0.041802857,0.026429924,7.899244332,4.457802314,0.137040816,-2.033181189,-2.073125306,12
0.018084144,0.013516171,0.054064685,0.03099169,7.852772467,4.337719017,0.13755102,-2.02620598,-2.06980781,12
0.013110435,0.009916304,0.039665217,0.023709068,7.914422501,4.165646644,0.13755102,-2.02620598,-2.073891603,12
0.015990877,0.009256667,0.037026667,0.022061398,7.924390244,2.520767639,0.136632653,-2.029308265,-2.074630809,12
0.022722807,0.011129649,0.044518596,0.025770638,7.895504253,4.206839321,0.136326531,-2.031873877,-2.072779675,12
0.021942807,0.010478158,0.041912632,0.026538283,7.895504253,3.97565043,0.136530612,-2.033305404,-2.072821546,12
0.025833153,0.011752387,0.04700955,0.029321021,7.86279515,1.427608184,0.13755102,-2.027971903,-2.070732691,12
0.008703636,0.005976364,0.023905455,0.014112697,7.960526316,3.924025475,0.136530612,-2.028109694,-2.076939666,12
0.013150877,0.00810693,0.032427719,0.017446417,7.953488372,3.960192583,0.136020408,-2.034857036,-2.07651857,12
0.035302162,0.017969144,0.071876577,0.041542031,7.753933291,4.606580274,0.13755102,-2.03067619,-2.063545647,12
0.019566087,0.009707826,0.038831304,0.022297744,7.923906531,4.179804223,0.13755102,-2.031020474,-2.074728393,12
0.015070877,0.006867193,0.027468772,0.016615336,7.963235294,4.281297367,0.136530612,-2.034430827,-2.07714567,12
0.025205455,0.009918636,0.039674545,0.024847856,7.898172324,3.76112019,0.138163265,-2.032138188,-2.073158293,12
0.014170435,0.008067391,0.032269565,0.01958106,7.942942943,4.060839268,0.137959184,-2.02011918,-2.075762949,12
0.019164144,0.009893604,0.039574414,0.022961863,7.923472669,2.291427988,0.137142857,-2.029011953,-2.07458757,12
0.01361292,0.007198363,0.028793451,0.018403254,7.945861854,4.665274126,0.13755102,-2.025091487,-2.076002377,12
0.014290877,0.013657632,0.054630526,0.032036818,7.847826087,3.845964145,0.137857143,-2.011888853,-2.069178282,12
0.021286087,0.009747826,0.038991304,0.022468494,7.923906531,4.138221498,0.13755102,-2.031020474,-2.074728393,12
0.015797143,0.007043571,0.028174286,0.020770315,7.939240506,1.249124377,0.136530612,-2.031565091,-2.075605176,12
0.026306154,0.012073889,0.048295556,0.029373806,7.862722573,4.087607855,0.137142857,-2.03006403,-2.070830429,12
0.018247797,0.006675932,0.026703729,0.017553226,7.956571429,3.375086007,0.137142857,-2.034055678,-2.076738982,12
0.013230435,0.007403913,0.029615652,0.017508535,7.942942943,2.783795693,0.13877551,-2.014398744,-2.075804455,12
0.016190877,0.009944912,0.039779649,0.023998816,7.905109489,4.377302395,0.138163265,-2.010943311,-2.073223536,12
0.01477292,0.007633363,0.030533451,0.017365362,7.95576324,4.670951262,0.13755102,-2.031020474,-2.076683785,12
0.024085714,0.010095714,0.040382857,0.025004923,7.899244332,3.42764412,0.136734694,-2.033744851,-2.073217118,12
0.009288571,0.010165714,0.040662857,0.021617989,7.92920354,3.703697701,0.13877551,-2.019555118,-2.074875065,12
0.01671292,0.007899912,0.031599646,0.018870484,7.945861854,3.24329823,0.13755102,-2.025091487,-2.076002377,12
0.017864144,0.009516667,0.038066667,0.022392227,7.923472669,3.348482394,0.137142857,-2.029011953,-2.07458757,12
0.008975135,0.004957162,0.019828649,0.013849012,7.964447317,4.56661693,0.13877551,-2.00907137,-2.0771704,12
0.018386087,0.008827826,0.035311304,0.020488564,7.923906531,4.097544119,0.13755102,-2.031020474,-2.074728393,12
0.021802807,0.015750614,0.063002456,0.034941198,7.819494585,4.592438309,0.13744898,-2.026856228,-2.067723709,12
0.022042807,0.010543158,0.042172632,0.02700267,7.895504253,4.109926353,0.136530612,-2.033305404,-2.072821546,12
0.015677143,0.006471429,0.025885714,0.017817727,7.949302915,4.54709931,0.136836735,-2.029461006,-2.076243474,12
0.023802478,0.01126969,0.045078761,0.025851178,7.896722325,2.810346159,0.13755102,-2.03067619,-2.073002803,12
0.01465292,0.005892522,0.023570088,0.015644495,7.965689333,3.386068875,0.13877551,-2.028712799,-2.077316435,12
0.019614545,0.010653636,0.042614545,0.024777444,7.908496732,2.788845583,0.135918367,-2.035730462,-2.073726846,12
0.025513153,0.007322883,0.029291532,0.021959578,7.923472669,3.996740004,0.14122449,-2.026054252,-2.074760828,12
0.008483363,0.007456814,0.029827257,0.01725616,7.95576324,3.290400477,0.13877551,-2.008491194,-2.076592786,12
0.026514737,0.010887895,0.043551579,0.028915095,7.847826087,1.868787202,0.137346939,-2.030140619,-2.069812477,12
0.013870877,0.00788193,0.031527719,0.018862486,7.943765281,4.107538004,0.136734694,-2.026239933,-2.075843139,12
0.022562478,0.009972301,0.039889204,0.023841906,7.916305022,4.10506153,0.137959184,-2.030874511,-2.074225861,12
0.01363292,0.006744912,0.026979646,0.016135769,7.95576324,3.614534505,0.13755102,-2.031020474,-2.076683785,12
0.023802478,0.009577301,0.038309204,0.022625491,7.926132837,3.511763237,0.13877551,-2.029756767,-2.074907269,12
0.032932035,0.01787531,0.071501239,0.039547986,7.781230957,4.129014546,0.137142857,-2.03006403,-2.065513715,12
0.01347292,0.009728142,0.038912566,0.023137306,7.906501548,1.218924594,0.13755102,-2.02620598,-2.073465261,12
0.024502478,0.01508292,0.060331681,0.033770977,7.828939301,6.19722583,0.13755102,-2.024629974,-2.068364552,12
0.010614679,0.006325287,0.025301147,0.014880552,7.968477532,3.662019965,0.137959184,-2.02011918,-2.077443969,15
0.02170771,0.009990187,0.039960748,0.024192776,7.901311249,2.299661464,0.13755102,-2.028171713,-2.073223901,15
0.010313636,0.006011932,0.024047727,0.014517285,7.960526316,4.049766806,0.136530612,-2.028109694,-2.076939666,15
0.019004545,0.012017614,0.048070455,0.025952597,7.887874837,2.644701284,0.136632653,-2.03359811,-2.07237695,15
0.008460135,0.005118412,0.020473649,0.011629823,7.974757282,4.338960206,0.13755102,-2.028018444,-2.077864086,15
0.009685135,0.007495946,0.029983784,0.019744134,7.933676755,4.224086109,0.14122449,-1.973197594,-2.075081043,15
0.010439679,0.008056365,0.032225459,0.018791359,7.947157191,4.425105721,0.13755102,-2.02620598,-2.076081688,15
0.020004545,0.008397159,0.033588636,0.020181383,7.939632546,3.683457143,0.136734694,-2.033744851,-2.075683252,15
0.01409292,0.009105752,0.036423009,0.020183383,7.935985084,4.074115665,0.13755102,-2.023562393,-2.075369727,15
0.010138636,0.006217614,0.024870455,0.014570153,7.960526316,4.145810938,0.136530612,-2.028109694,-2.076939666,15
0.010260135,0.007907883,0.031631532,0.018591642,7.954163977,3.533810335,0.13755102,-2.023443591,-2.076526351,15
0.007093363,0.006216814,0.024867257,0.013531323,7.965689333,3.669570655,0.13877551,-2.019555118,-2.077274194,15
0.014164679,0.007402523,0.029610092,0.018688353,7.947157191,3.292149738,0.13755102,-2.02620598,-2.076081688,15
0.008003571,0.007947321,0.031789286,0.018992761,7.939240506,2.351447875,0.135102041,-2.036026159,-2.075513363,15
0.011313636,0.006848864,0.027395455,0.016631139,7.960526316,4.910184498,0.136530612,-2.028109694,-2.076939666,15
0.01514292,0.007069912,0.028279646,0.016131439,7.95576324,2.70332541,0.13755102,-2.031020474,-2.076683785,15
0.01419292,0.006630863,0.026523451,0.015688256,7.95576324,3.04685008,0.13755102,-2.031020474,-2.076683785,15
0.020098148,0.008710417,0.034841667,0.020749697,7.923913043,3.495936119,0.136734694,-2.034662725,-2.074726045,15
0.017729545,0.007384659,0.029538636,0.018657293,7.939632546,3.882081528,0.136734694,-2.033744851,-2.075683252,15
0.010513636,0.006842614,0.027370455,0.015601771,7.960526316,2.698922727,0.136530612,-2.028109694,-2.076939666,15
0.014332143,0.010185714,0.040742857,0.024540477,7.909205549,4.29870975,0.137653061,-2.017402474,-2.073534474,15
0.017544144,0.008541667,0.034166667,0.020426764,7.923472669,3.964565272,0.137142857,-2.029011953,-2.07458757,15
0.009478571,0.006840179,0.027360714,0.015122442,7.969504447,3.506614717,0.136020408,-2.034452899,-2.077526646,15
0.007468363,0.006387113,0.025548451,0.016361576,7.935985084,1.985431471,0.142857143,-1.945910149,-2.075173058,15
0.008518363,0.005368473,0.021473894,0.012804393,7.975640225,2.977148449,0.13755102,-2.027672163,-2.077906844,15
0.01684292,0.007657412,0.030629646,0.01991432,7.945861854,2.546822434,0.13755102,-2.025091487,-2.076002377,15
0.014982143,0.006571429,0.026285714,0.017318677,7.949302915,3.583967538,0.136836735,-2.029461006,-2.076243474,15
0.009839679,0.005662787,0.022651147,0.013986397,7.968477532,3.817575738,0.137959184,-2.02011918,-2.077443969,15
0.017813991,0.010031193,0.040124771,0.026299086,7.883875249,2.641616357,0.139183673,-2.00099352,-2.071741326,15
0.01629292,0.009162113,0.036648451,0.0230938,7.926132837,1.730690934,0.14122449,-1.973197594,-2.07458265,15
0.017529545,0.008428409,0.033713636,0.019213248,7.939632546,2.838101716,0.136734694,-2.033744851,-2.075683252,15
0.017438991,0.010512443,0.042049771,0.023741367,7.904856953,2.638051311,0.13755102,-2.024913465,-2.07334192,15
0.014638889,0.009785417,0.039141667,0.023516509,7.923913043,3.349562424,0.136734694,-2.025739234,-2.07452027,15
0.012475877,0.004426206,0.017704825,0.012260401,7.973006135,4.538457247,0.136734694,-2.036045882,-2.07777277,15
0.019669144,0.010016385,0.040065541,0.025359537,7.90314304,2.951532339,0.13755102,-2.025091487,-2.073142262,15
0.021623148,0.007108102,0.028432407,0.018945637,7.945504087,2.850454175,0.138571429,-2.032650822,-2.076100939,15
0.01231792,0.007018363,0.028073451,0.017932561,7.945861854,3.246818759,0.13755102,-2.025091487,-2.076002377,15
0.018663991,0.008287615,0.033150459,0.021590407,7.925950634,3.227980855,0.137959184,-2.02011918,-2.0747042,15
0.016644144,0.007891385,0.031565541,0.020489339,7.913294798,3.808504812,0.13755102,-2.028018444,-2.073986524,15
0.01151792,0.006205863,0.024823451,0.013893868,7.95576324,2.169019284,0.13755102,-2.031020474,-2.076683785,15
0.010835135,0.005868412,0.023473649,0.014557895,7.974757282,3.125185207,0.13755102,-2.028018444,-2.077864086,15
0.012525877,0.008539912,0.034159649,0.018050287,7.934065934,3.028475395,0.135102041,-2.040143572,-2.07530624,15
0.006693363,0.003021681,0.012086726,0.008451203,7.98561601,3.901725716,0.13877551,-2.014398744,-2.078539493,15
0.013736916,0.011469217,0.045876869,0.026081164,7.8904204,3.955983857,0.13755102,-2.027672163,-2.072348078,15
0.011139679,0.004602695,0.01841078,0.01081366,7.979180658,2.794488526,0.13877551,-2.029756767,-2.078150383,15
0.011461916,0.00672535,0.026901402,0.016782289,7.934164934,2.31471,0.137959184,-2.02011918,-2.075183667,15
0.017179545,0.009269886,0.037079545,0.022440463,7.908496732,4.048769952,0.136734694,-2.026591633,-2.073574901,15
0.007260135,0.003972691,0.015890766,0.010011634,7.985093973,3.200952778,0.13877551,-2.025777555,-2.078508135,15
0.012782143,0.007584821,0.030339286,0.018320877,7.939240506,2.655654383,0.136530612,-2.031565091,-2.075605176,15
0.018254545,0.008609659,0.034438636,0.021119487,7.929226737,4.299314598,0.136530612,-2.033116961,-2.07498326,15
0.018344144,0.007882883,0.031531532,0.020245716,7.933676755,NaN,0.13877551,-2.025777555,-2.075231619,20
0.01502381,0.007228571,0.028914286,0.017862539,7.939240506,NaN,0.136530612,-2.031565091,-2.075605176,20
0.01429292,0.007094912,0.028379646,0.015623356,7.95576324,NaN,0.13755102,-2.031020474,-2.076683785,20
0.015026254,0.005399189,0.021596755,0.014355496,7.965689333,NaN,0.13877551,-2.028712799,-2.077316435,20
0.007678947,0.005003947,0.020015789,0.01198268,7.973006135,NaN,0.135102041,-2.036026159,-2.077730899,20
0.01229292,0.006851696,0.027406785,0.016912332,7.945861854,NaN,0.13755102,-2.025091487,-2.076002377,20
0.007068468,0.002890315,0.011561261,0.007632909,7.985093973,NaN,0.13877551,-2.025777555,-2.078508135,20
0.005068468,0.002745045,0.01098018,0.006522429,7.985093973,NaN,0.13877551,-2.025777555,-2.078508135,20
0.015157143,0.004105952,0.01642381,0.012725175,7.969504447,3.184516395,0.139285714,-2.030494205,-2.077569265,20
0.010050877,0.004290789,0.017163158,0.010734309,7.973006135,NaN,0.136734694,-2.036045882,-2.07777277,20
0.01912381,0.008211905,0.032847619,0.020053353,7.939240506,NaN,0.136530612,-2.031565091,-2.075605176,20
0.008310029,0.005532522,0.022130088,0.012288339,7.975640225,2.541358906,0.13755102,-2.027672163,-2.077906844,20
0.01409697,0.00682803,0.027312121,0.017672105,7.950065703,2.025897154,0.135102041,-2.036606335,-2.076239674,20
0.017544144,0.008618468,0.034473874,0.02001402,7.933676755,NaN,0.13755102,-2.03067619,-2.075281256,20
0.01675614,0.009691228,0.038764912,0.022531137,7.88592233,NaN,0.136632653,-2.032011704,-2.072194446,20
0.023409145,0.009265634,0.037062537,0.022488513,7.916305022,NaN,0.13877551,-2.029756767,-2.074316861,20
0.015059587,0.009157301,0.036629204,0.021494231,7.926132837,4.040755327,0.137142857,-2.029701561,-2.074779319,20
0.01925942,0.009172826,0.036691304,0.02319785,7.914422501,4.4973356,0.13755102,-2.028171713,-2.074058835,20
0.011430303,0.004670455,0.018681818,0.011807121,7.981530343,NaN,0.135714286,-2.037815793,-2.078289562,20
0.017544144,0.010979054,0.043916216,0.024420953,7.90314304,NaN,0.13755102,-2.029670185,-2.073342475,20
0.016557143,0.006663095,0.026652381,0.016225751,7.959390863,NaN,0.136632653,-2.036366756,-2.076930966,20
0.009535135,0.005220495,0.020881982,0.012709453,7.974757282,NaN,0.13755102,-2.028018444,-2.077864086,20
0.011697101,0.008549275,0.034197101,0.019045568,7.933413317,NaN,0.13755102,-2.02167047,-2.075182808,20
0.023285714,0.01165119,0.046604762,0.026908495,7.879396985,3.971373692,0.136836735,-2.033520375,-2.071891327,20
0.008468468,0.006557883,0.026231532,0.014512616,7.954163977,NaN,0.13755102,-2.023443591,-2.076526351,20
0.015459587,0.005542404,0.022169617,0.015028053,7.965689333,NaN,0.13877551,-2.028712799,-2.077316435,20
0.01915942,0.007605797,0.030423188,0.018900226,7.933413317,NaN,0.13877551,-2.028712799,-2.07535004,20
0.023742478,0.00787146,0.031485841,0.020909161,7.935985084,NaN,0.14122449,-2.026054252,-2.075539919,20
0.015657143,0.009369048,0.03747619,0.021479563,7.919191919,NaN,0.136632653,-2.030091042,-2.074279385,20
0.009687879,0.005992424,0.023969697,0.014799843,7.918848168,NaN,0.136632653,-2.033404621,-2.074333356,20
0.006068116,0.003709783,0.01483913,0.009032867,7.981291491,2.458453627,0.13877551,-2.008491194,-2.078255941,20
0.01139697,0.005884848,0.023539394,0.015782751,7.960526316,NaN,0.136530612,-2.028109694,-2.076939666,20
0.020009145,0.008673968,0.03469587,0.020659998,7.916305022,NaN,0.13877551,-2.029756767,-2.074316861,20
0.021819048,0.009685714,0.038742857,0.023085429,7.909205549,NaN,0.137653061,-2.032734601,-2.073812798,20
0.005512281,0.003759211,0.015036842,0.009149453,7.982800983,NaN,0.135714286,-2.031527064,-2.078358,20
0.007635135,0.005022297,0.020089189,0.010856273,7.974757282,NaN,0.13755102,-2.028018444,-2.077864086,20
0.006634783,0.005618478,0.022473913,0.012349355,7.971669681,NaN,0.13877551,-2.019555118,-2.077634294,20
0.015759587,0.007569912,0.030279646,0.017200826,7.95576324,NaN,0.13755102,-2.031020474,-2.076683785,20
0.008610029,0.003796681,0.015186726,0.00969563,7.98561601,NaN,0.13877551,-2.014398744,-2.078539493,20
0.021975811,0.009515634,0.038062537,0.022546048,7.916305022,NaN,0.137959184,-2.030874511,-2.074225861,20
0.008348012,0.003750612,0.015002446,0.008884944,7.979180658,NaN,0.13877551,-2.029756767,-2.078150383,20
0.014957143,0.007695238,0.030780952,0.018511845,7.939240506,NaN,0.135102041,-2.040143572,-2.075696988,20
0.017777477,0.009718468,0.038873874,0.022601269,7.923472669,NaN,0.137142857,-2.029011953,-2.07458757,20
0.017621212,0.006536364,0.026145455,0.017131086,7.950065703,NaN,0.137142857,-2.034055678,-2.076333156,20
0.008728571,0.005396429,0.021585714,0.012044121,7.969504447,NaN,0.136020408,-2.034452899,-2.077526646,20
0.016887879,0.007465909,0.029863636,0.0184244,7.939632546,NaN,0.136734694,-2.033744851,-2.075683252,20
0.01182381,0.005996429,0.023985714,0.015231946,7.949302915,NaN,0.136836735,-2.029461006,-2.076243474,20
0.013555556,0.008500926,0.034003704,0.019400036,7.945504087,NaN,0.135816327,-2.035027651,-2.076005726,20
0.020875811,0.008448968,0.03379587,0.020084387,7.926132837,NaN,0.13877551,-2.029756767,-2.074907269,20
0.022885714,0.010060714,0.040242857,0.023440791,7.909205549,3.50500865,0.137653061,-2.032734601,-2.073812798,20
0.008328571,0.005246429,0.020985714,0.013666319,7.959390863,NaN,0.136632653,-2.023220283,-2.076839154,30
0.005913636,0.003626136,0.014504545,0.0098638,7.971014493,NaN,0.136734694,-2.021202842,-2.07758957,30
0.011057143,0.006108929,0.024435714,0.014270726,7.959390863,NaN,0.136632653,-2.036366756,-2.076930966,30
0.008735135,0.004493131,0.017972523,0.010743326,7.974757282,NaN,0.13755102,-2.028018444,-2.077864086,30
0.013207143,0.006833929,0.027335714,0.015384479,7.959390863,NaN,0.136632653,-2.036366756,-2.076930966,30
0.015507143,0.007616071,0.030464286,0.017970588,7.939240506,NaN,0.136530612,-2.031565091,-2.075605176,30
0.009088889,0.005162037,0.020648148,0.01272707,7.967213115,NaN,0.136122449,-2.032861543,-2.07738062,30
0.010638889,0.00409213,0.016368519,0.0101709,7.978112175,NaN,0.136734694,-2.037362241,-2.078093575,30
0.009264679,0.004794037,0.019176147,0.012174608,7.968477532,NaN,0.137959184,-2.02011918,-2.077443969,30
0.013257143,0.007935714,0.031742857,0.018446489,7.919191919,NaN,0.136632653,-2.033253826,-2.074371197,30
0.004822727,0.003484091,0.013936364,0.008641079,7.992073976,NaN,0.132653061,-2.044931175,-2.078939466,30
0.009052137,0.005416132,0.02166453,0.012609388,7.963350785,NaN,0.13755102,-2.025098833,-2.077138938,30
0.014407143,0.006258929,0.025035714,0.015759639,7.949302915,NaN,0.136836735,-2.029461006,-2.076243474,30
0.015844144,0.008410135,0.033640541,0.01961368,7.923472669,NaN,0.137142857,-2.029011953,-2.07458757,30
0.009128571,0.006958929,0.027835714,0.014842709,7.969504447,NaN,0.136020408,-2.034452899,-2.077526646,30
0.009413636,0.005573864,0.022295455,0.014167323,7.960526316,NaN,0.136530612,-2.028109694,-2.076939666,30
0.007178571,0.006991071,0.027964286,0.016535435,7.939240506,NaN,0.135102041,-2.036026159,-2.075513363,30
0.012085135,0.008354167,0.033416667,0.018262803,7.933676755,NaN,0.13877551,-2.019555118,-2.075188616,30
0.013507143,0.005071429,0.020285714,0.01310266,7.959390863,NaN,0.136632653,-2.036366756,-2.076930966,30
0.015044144,0.004918131,0.019672523,0.013258991,7.964447317,NaN,0.14122449,-2.026054252,-2.07726304,30
0.006364679,0.003483945,0.01393578,0.007763198,7.979180658,NaN,0.13877551,-2.029756767,-2.078150383,30
0.008428571,0.005858929,0.023435714,0.013498014,7.969504447,NaN,0.136020408,-2.034452899,-2.077526646,30
0.014557143,0.007753571,0.031014286,0.018082832,7.939240506,NaN,0.136530612,-2.031565091,-2.075605176,30
0.007735135,0.004449662,0.017798649,0.0101976,7.974757282,NaN,0.13755102,-2.028018444,-2.077864086,30
0.01329292,0.003809071,0.015236283,0.011418213,7.965689333,NaN,0.13877551,-2.028712799,-2.077316435,30
0.008678571,0.004801786,0.019207143,0.012444112,7.979643766,NaN,0.135,-2.038300102,-2.078164945,30
0.013013636,0.006068182,0.024272727,0.013802503,7.971014493,NaN,0.135102041,-2.040143572,-2.077639658,30
0.007043363,0.005541814,0.022167257,0.013483557,7.95576324,NaN,0.13877551,-2.008491194,-2.076592786,30
0.01249292,0.005994912,0.023979646,0.013630325,7.95576324,NaN,0.13755102,-2.031020474,-2.076683785,30
0.014807143,0.007766071,0.031064286,0.018850784,7.939240506,NaN,0.136530612,-2.031565091,-2.075605176,30
0.015157143,0.006083929,0.024335714,0.015728808,7.959390863,NaN,0.136632653,-2.036366756,-2.076930966,30
0.009436916,0.003805841,0.015223364,0.009026921,7.978397213,NaN,0.142857143,-2.021767756,-2.078122241,30
0.015657143,0.006333929,0.025335714,0.01694247,7.949302915,NaN,0.136836735,-2.029461006,-2.076243474,30
0.01324292,0.008469801,0.033879204,0.018267675,7.935985084,NaN,0.13877551,-2.026375315,-2.075460727,30
0.010228571,0.004439286,0.017757143,0.011031215,7.979643766,NaN,0.135,-2.038300102,-2.078164945,30
0.009613636,0.006417045,0.025668182,0.016271851,7.950065703,NaN,0.135102041,-2.036606335,-2.076239674,30
0.007935135,0.004480631,0.017922523,0.010183496,7.974757282,NaN,0.13755102,-2.028018444,-2.077864086,30
0.007735135,0.006439414,0.025757658,0.014329008,7.954163977,NaN,0.13755102,-2.023443591,-2.076526351,30
0.014707143,0.006433929,0.025735714,0.015549301,7.959390863,NaN,0.136632653,-2.036366756,-2.076930966,30
0.017394144,0.007026914,0.028107658,0.017669631,7.943907157,NaN,0.13755102,-2.027971903,-2.075925305,30
0.014138991,0.006086009,0.024344037,0.015706582,7.936539746,NaN,0.137959184,-2.028931317,-2.075520161,30
0.011114679,0.005904128,0.023616514,0.014805778,7.957803081,NaN,0.13877551,-2.025777555,-2.076737555,30
0.009281034,0.004960345,0.019841379,0.01184845,7.971563981,NaN,0.136122449,-2.032861543,-2.077655466,30
0.010435135,0.007645383,0.030581532,0.01700907,7.954163977,NaN,0.13755102,-2.023443591,-2.076526351,30
0.008714679,0.004383945,0.01753578,0.009568929,7.979180658,NaN,0.13877551,-2.029756767,-2.078150383,30
0.009364679,0.006327523,0.025310092,0.014558312,7.957803081,NaN,0.13755102,-2.025098833,-2.076788102,30
0.006178947,0.004491447,0.017965789,0.009942372,7.963235294,NaN,0.136530612,-2.034430827,-2.07714567,30
0.008463636,0.004718182,0.018872727,0.010357968,7.971014493,NaN,0.135102041,-2.040143572,-2.077639658,30
0.010778571,0.004901786,0.019607143,0.011961435,7.979643766,NaN,0.135,-2.038300102,-2.078164945,30
0.009185135,0.005443694,0.021774775,0.014966929,7.964447317,NaN,0.13877551,-2.00907137,-2.0771704,30
0.004778947,0.002216228,0.008864912,0.005449744,7.992619926,NaN,0.132653061,-2.051154499,-2.0789851,60
0.006750877,0.003252193,0.013008772,0.008142673,7.943765281,NaN,0.136734694,-2.026239933,-2.075843139,60
0.004410345,0.002652586,0.010610345,0.006624126,7.990498812,NaN,0.133265306,-2.046005976,-2.078846893,60
0.003793805,0.001432743,0.005730973,0.003735031,7.995616781,NaN,0.142857143,-2.021767756,-2.079172143,60
0.006950877,0.004035965,0.01614386,0.009275513,7.973006135,NaN,0.136734694,-2.036045882,-2.07777277,60
0.006643363,0.002557743,0.010230973,0.006514457,7.995616781,NaN,0.142857143,-2.021767756,-2.079172143,60
0.004643363,0.001834292,0.007337168,0.004517636,7.995616781,NaN,0.142857143,-2.021767756,-2.079172143,60
0.004193805,0.002156195,0.008624779,0.005287254,7.995616781,NaN,0.142857143,-2.021767756,-2.079172143,60
0.002607018,0.002267982,0.00907193,0.004613926,7.992619926,NaN,0.132653061,-2.051154499,-2.0789851,60
0.006707018,0.0025,0.01,0.006707699,7.992619926,NaN,0.132653061,-2.051154499,-2.0789851,60
0.004793805,0.002006195,0.008024779,0.005052303,7.995616781,NaN,0.142857143,-2.021767756,-2.079172143,60
0.007028571,0.002125,0.0085,0.006082192,7.979643766,NaN,0.135,-2.038300102,-2.078164945,60
0.004607018,0.00265,0.0106,0.005978138,7.992619926,NaN,0.132653061,-2.051154499,-2.0789851,60
0.005730435,0.00241087,0.009643478,0.005658605,7.971669681,NaN,0.137959184,-2.028931317,-2.077675801,60
0.006950877,0.003117982,0.01247193,0.00758211,7.982800983,NaN,0.142857143,-2.021767756,-2.078399871,60
0.0039,0.00125,0.005,0.003319639,8,NaN,0.125,-2.079441542,-2.079441542,60
0.005128571,0.002857143,0.011428571,0.006113051,7.989808917,NaN,0.135204082,-2.036049706,-2.078803243,60
0.005043363,0.002157743,0.008630973,0.005385988,7.995616781,NaN,0.142857143,-2.021767756,-2.079172143,60
0.004450877,0.003019737,0.012078947,0.006719282,7.982800983,NaN,0.142857143,-2.021767756,-2.078399871,60
0.005643363,0.003270133,0.013080531,0.007182784,7.98561601,NaN,0.13877551,-2.014398744,-2.078539493,60
0.003193805,0.002245354,0.008981416,0.005054816,7.995616781,NaN,0.142857143,-2.021767756,-2.079172143,60
0.004728571,0.002182143,0.008728571,0.005048843,7.989808917,NaN,0.135204082,-2.036049706,-2.078803243,60
0.005334783,0.00328587,0.013143478,0.007990117,7.981291491,NaN,0.13877551,-2.008491194,-2.078255941,60
0.002678947,0.001617982,0.00647193,0.003577252,7.992619926,NaN,0.132653061,-2.051154499,-2.0789851,60
0.002178947,0.001342982,0.00537193,0.003211325,7.982800983,NaN,0.135714286,-2.031527064,-2.078358,60
0.003693805,0.002854646,0.011418584,0.006292889,7.995616781,NaN,0.142857143,-2.021767756,-2.079172143,60
0.006243363,0.003432743,0.013730973,0.007615007,7.995616781,NaN,0.142857143,-2.021767756,-2.079172143,60
0.006530435,0.002051087,0.008204348,0.005617657,7.971669681,NaN,0.137959184,-2.028931317,-2.077675801,60
0.008550877,0.003141228,0.012564912,0.00778724,7.973006135,NaN,0.136734694,-2.036045882,-2.07777277,60
0.003934783,0.002870652,0.011482609,0.006727635,7.990936556,NaN,0.13877551,-2.026375315,-2.078877588,60
0.006193805,0.003581195,0.014324779,0.00834201,7.995616781,NaN,0.142857143,-2.021767756,-2.079172143,60
0.00253913,0.002155435,0.008621739,0.005280377,7.990936556,NaN,0.13877551,-2.026375315,-2.078877588,60
0.004407018,0.002025,0.0081,0.004828268,7.992619926,NaN,0.132653061,-2.051154499,-2.0789851,60
0.00393913,0.002670652,0.010682609,0.006392098,7.981291491,NaN,0.13877551,-2.008491194,-2.078255941,60
0.005278947,0.002373246,0.009492982,0.0058857,7.992619926,NaN,0.132653061,-2.051154499,-2.0789851,60
0.003007018,0.001201754,0.004807018,0.003416456,7.992619926,NaN,0.132653061,-2.051154499,-2.0789851,60
0.005943363,0.002729425,0.010917699,0.006890443,7.975640225,NaN,0.13755102,-2.027672163,-2.077906844,60
0.003310345,0.001347414,0.005389655,0.003531154,7.990498812,NaN,0.133265306,-2.046005976,-2.078846893,60
0.004878947,0.002641228,0.010564912,0.005978901,7.992619926,NaN,0.132653061,-2.051154499,-2.0789851,60
0.004043363,0.002129646,0.008518584,0.005201856,7.995616781,NaN,0.142857143,-2.021767756,-2.079172143,60
0.006234783,0.00333587,0.013343478,0.007985707,7.990936556,NaN,0.13877551,-2.026375315,-2.078877588,60
0.006543363,0.002656195,0.010624779,0.006937089,7.995616781,NaN,0.142857143,-2.021767756,-2.079172143,60
0.005207018,0.002492982,0.00997193,0.006371777,7.992619926,NaN,0.132653061,-2.051154499,-2.0789851,60
0.005407018,0.004487719,0.017950877,0.009614589,7.982800983,NaN,0.135714286,-2.031527064,-2.078358,60
0.004393805,0.001757743,0.007030973,0.004531006,7.995616781,NaN,0.142857143,-2.021767756,-2.079172143,60
0.004328571,0.002032143,0.008128571,0.004710106,7.989808917,NaN,0.135204082,-2.036049706,-2.078803243,60
0.003093805,0.002368584,0.009474336,0.005663037,7.98561601,NaN,0.13877551,-2.014398744,-2.078539493,60
0.003828571,0.002832143,0.011328571,0.005997448,7.989808917,NaN,0.135204082,-2.036049706,-2.078803243,60
0.005343363,0.002532743,0.010130973,0.006185044,7.98561601,NaN,0.13877551,-2.014398744,-2.078539493,60
0.005293805,0.002756195,0.011024779,0.006240973,7.995616781,NaN,0.142857143,-2.021767756,-2.079172143,60
0.0084,0.0056,0.0224,0.012518786,8,NaN,0.125,-2.079441542,-2.079441542,120
0.008,0.0034,0.0136,0.0092,8,NaN,0.125,-2.079441542,-2.079441542,120
0.005,0.0036,0.0144,0.008655634,8,NaN,0.125,-2.079441542,-2.079441542,120
0.011,0.0048,0.0192,0.011675616,8,NaN,0.125,-2.079441542,-2.079441542,120
0.0058,0.0045,0.018,0.009967949,8,NaN,0.125,-2.079441542,-2.079441542,120
0.0132,0.00545,0.0218,0.015242047,8,NaN,0.125,-2.079441542,-2.079441542,120
0.0096,0.0045,0.018,0.012814055,8,NaN,0.125,-2.079441542,-2.079441542,120
0.0094,0.0044,0.0176,0.010221546,8,NaN,0.125,-2.079441542,-2.079441542,120
0.043974194,0.016083871,0.064335484,0.046454953,7.94214876,NaN,0.142857143,-1.945910149,-2.075533044,120
0.0056,0.0041,0.0164,0.009099451,8,NaN,0.125,-2.079441542,-2.079441542,120
0.01,0.00545,0.0218,0.0121095,8,NaN,0.125,-2.079441542,-2.079441542,120
0.0118,0.00475,0.019,0.012186878,8,NaN,0.125,-2.079441542,-2.079441542,120
0.006,0.0031,0.0124,0.008838552,8,NaN,0.125,-2.079441542,-2.079441542,120
0.0106,0.00475,0.019,0.011708117,8,NaN,0.125,-2.079441542,-2.079441542,120
0.0064,0.0036,0.0144,0.00870632,8,NaN,0.125,-2.079441542,-2.079441542,120
0.0086,0.00435,0.0174,0.009674709,8,NaN,0.125,-2.079441542,-2.079441542,120
0.012,0.00385,0.0154,0.010790737,8,NaN,0.125,-2.079441542,-2.079441542,120
0.004,0.0027,0.0108,0.006496153,8,NaN,0.125,-2.079441542,-2.079441542,120
0.0086,0.0049,0.0196,0.010947146,8,NaN,0.125,-2.079441542,-2.079441542,120
0.0054,0.0034,0.0136,0.008217055,8,NaN,0.125,-2.079441542,-2.079441542,120
0.008,0.00375,0.015,0.008761278,8,NaN,0.125,-2.079441542,-2.079441542,120
0.0068,0.0041,0.0164,0.010201961,8,NaN,0.125,-2.079441542,-2.079441542,120
0.0086,0.00355,0.0142,0.009385095,8,NaN,0.125,-2.079441542,-2.079441542,120
0.0142,0.00425,0.017,0.012483589,8,NaN,0.125,-2.079441542,-2.079441542,120
0.0032,0.002,0.008,0.004326662,8,NaN,0.125,-2.079441542,-2.079441542,120
0.0042,0.00235,0.0094,0.007037045,8,NaN,0.125,-2.079441542,-2.079441542,120
0.0066,0.0032,0.0128,0.007838367,8,NaN,0.125,-2.079441542,-2.079441542,120
0.0064,0.0039,0.0156,0.00886792,8,NaN,0.125,-2.079441542,-2.079441542,120
0.0116,0.0063,0.0252,0.014177447,8,NaN,0.125,-2.079441542,-2.079441542,120
0.0056,0.0042,0.0168,0.011859174,8,NaN,0.125,-2.079441542,-2.079441542,120
0.009,0.00495,0.0198,0.010884852,8,NaN,0.125,-2.079441542,-2.079441542,120
0.0064,0.00365,0.0146,0.008953212,8,NaN,0.125,-2.079441542,-2.079441542,120
0.0074,0.004,0.016,0.009672642,8,NaN,0.125,-2.079441542,-2.079441542,120
0.0052,0.0029,0.0116,0.006648308,8,NaN,0.125,-2.079441542,-2.079441542,120
0.0056,0.0031,0.0124,0.008284926,8,NaN,0.125,-2.079441542,-2.079441542,120
0.0096,0.00435,0.0174,0.010446052,8,NaN,0.125,-2.079441542,-2.079441542,120
0.01,0.0059,0.0236,0.013705473,8,NaN,0.125,-2.079441542,-2.079441542,120
0.0056,0.0031,0.0124,0.007733046,8,NaN,0.125,-2.079441542,-2.079441542,120
0.0082,0.00315,0.0126,0.008236504,8,NaN,0.125,-2.079441542,-2.079441542,120
0.0104,0.00625,0.025,0.014905033,8,NaN,0.125,-2.079441542,-2.079441542,120
0.0128,0.0066,0.0264,0.016846365,8,NaN,0.125,-2.079441542,-2.079441542,120
0.0128,0.00675,0.027,0.015334927,8,NaN,0.125,-2.079441542,-2.079441542,120
0.0068,0.0038,0.0152,0.009156419,8,NaN,0.125,-2.079441542,-2.079441542,120
0.0078,0.0038,0.0152,0.009223882,8,NaN,0.125,-2.079441542,-2.079441542,120
0.0202,0.00735,0.0294,0.020790382,8,NaN,0.125,-2.079441542,-2.079441542,120
0.011,0.0044,0.0176,0.010567876,8,NaN,0.125,-2.079441542,-2.079441542,120
0.0136,0.0051,0.0204,0.012959938,8,NaN,0.125,-2.079441542,-2.079441542,120
0.0132,0.0048,0.0192,0.013558761,8,NaN,0.125,-2.079441542,-2.079441542,120
0.0052,0.0022,0.0088,0.005366563,8,NaN,0.125,-2.079441542,-2.079441542,120
0.0082,0.0027,0.0108,0.0072,8,NaN,0.125,-2.079441542,-2.079441542,120
