year,threshold,p,lijphart,loosemorehanby,raes,gallagher,enp,governability,
1996,0,0,0.00407050321377428,0.00633846205082092,0.00140854712240465,0.0038541302050007,4.33734939759036,0.642497738131141,
1996,0.001,0,0.00407050321377428,0.00633846205082092,0.00140854712240465,0.0038541302050007,4.33734939759036,0.642497738131141,
1996,0.002,0,0.00407050321377428,0.00633846205082092,0.00140854712240465,0.0038541302050007,4.33734939759036,0.642497738131141,
1996,0.003,0,0.00407050321377428,0.00633846205082092,0.00140854712240465,0.0038541302050007,4.33734939759036,0.642497738131141,
1996,0.004,0,0.00407050321377428,0.00633846205082092,0.00140854712240465,0.0038541302050007,4.33734939759036,0.642497738131141,
1996,0.005,0,0.00407050321377428,0.00633846205082092,0.00140854712240465,0.0038541302050007,4.33734939759036,0.642497738131141,
1996,0.006,0,0.00407050321377428,0.00633846205082092,0.00140854712240465,0.0038541302050007,4.33734939759036,0.642497738131141,
1996,0.007,0,0.00407050321377428,0.00633846205082092,0.00140854712240465,0.0038541302050007,4.33734939759036,0.642497738131141,
1996,0.008,0,0.00407050321377428,0.00633846205082092,0.00140854712240465,0.0038541302050007,4.33734939759036,0.642497738131141,
1996,0.009,0,0.0099202384520598,0.0146717953841543,0.0032603989742565,0.0101494378984845,4.25029515938607,0.65826416015625,
1996,0.01,0,0.0099202384520598,0.0146717953841543,0.0032603989742565,0.0101494378984845,4.25029515938607,0.65826416015625,
1996,0.011,0,0.0099202384520598,0.0146717953841543,0.0032603989742565,0.0101494378984845,4.25029515938607,0.65826416015625,
1996,0.012,0,0.0099202384520598,0.0146717953841543,0.0032603989742565,0.0101494378984845,4.25029515938607,0.65826416015625,
1996,0.013,0,0.0099202384520598,0.0146717953841543,0.0032603989742565,0.0101494378984845,4.25029515938607,0.65826416015625,
1996,0.014,0,0.0099202384520598,0.0146717953841543,0.0032603989742565,0.0101494378984845,4.25029515938607,0.65826416015625,
1996,0.015,0,0.0099202384520598,0.0146717953841543,0.0032603989742565,0.0101494378984845,4.25029515938607,0.65826416015625,
1996,0.016,0,0.0124038365471076,0.0280455923002631,0.00623235384450291,0.0176677461549569,4.13555427914991,0.682035777273873,
1996,0.017,0,0.0124038365471076,0.043256902121424,0.00961264491587201,0.0226639669666626,4.07239819004525,0.699271592091571,
1996,0.018,0,0.0124038365471076,0.043256902121424,0.00961264491587201,0.0226639669666626,4.07239819004525,0.699271592091571,
1996,0.019,0,0.0124038365471076,0.043256902121424,0.00961264491587201,0.0226639669666626,4.07239819004525,0.699271592091571,
1996,0.02,0,0.0124038365471076,0.043256902121424,0.00961264491587201,0.0226639669666626,4.07239819004525,0.699271592091571,
1996,0.021,0,0.0124038365471076,0.043256902121424,0.00961264491587201,0.0226639669666626,4.07239819004525,0.699271592091571,
1996,0.022,0,0.0124038365471076,0.043256902121424,0.00961264491587201,0.0226639669666626,4.07239819004525,0.699271592091571,
1996,0.023,0,0.0124038365471076,0.043256902121424,0.00961264491587201,0.0226639669666626,4.07239819004525,0.699271592091571,
1996,0.024,0,0.0124038365471076,0.043256902121424,0.00961264491587201,0.0226639669666626,4.07239819004525,0.699271592091571,
1996,0.025,0,0.0124038365471076,0.043256902121424,0.00961264491587201,0.0226639669666626,4.07239819004525,0.699271592091571,
1996,0.026,0,0.0124038365471076,0.043256902121424,0.00961264491587201,0.0226639669666626,4.07239819004525,0.699271592091571,
1996,0.027,0,0.0124038365471076,0.043256902121424,0.00961264491587201,0.0226639669666626,4.07239819004525,0.699271592091571,
1996,0.028,0,0.0124038365471076,0.043256902121424,0.00961264491587201,0.0226639669666626,4.07239819004525,0.699271592091571,
1996,0.029,0,0.0124038365471076,0.043256902121424,0.00961264491587201,0.0226639669666626,4.07239819004525,0.699271592091571,
1996,0.03,0,0.0124038365471076,0.043256902121424,0.00961264491587201,0.0226639669666626,4.07239819004525,0.699271592091571,
1996,0.031,0,0.0124038365471076,0.043256902121424,0.00961264491587201,0.0226639669666626,4.07239819004525,0.699271592091571,
1996,0.032,0,0.0124038365471076,0.043256902121424,0.00961264491587201,0.0226639669666626,4.07239819004525,0.699271592091571,
1996,0.033,0,0.0124038365471076,0.043256902121424,0.00961264491587201,0.0226639669666626,4.07239819004525,0.699271592091571,
1996,0.034,0,0.0124038365471076,0.043256902121424,0.00961264491587201,0.0226639669666626,4.07239819004525,0.699271592091571,
1996,0.035,0,0.0124038365471076,0.043256902121424,0.00961264491587201,0.0226639669666626,4.07239819004525,0.699271592091571,
1996,0.036,0,0.0124038365471076,0.043256902121424,0.00961264491587201,0.0226639669666626,4.07239819004525,0.699271592091571,
1996,0.037,0,0.0124038365471076,0.043256902121424,0.00961264491587201,0.0226639669666626,4.07239819004525,0.699271592091571,
1996,0.038,0,0.0124038365471076,0.043256902121424,0.00961264491587201,0.0226639669666626,4.07239819004525,0.699271592091571,
1996,0.039,0,0.0124038365471076,0.043256902121424,0.00961264491587201,0.0226639669666626,4.07239819004525,0.699271592091571,
1996,0.04,0,0.0124038365471076,0.043256902121424,0.00961264491587201,0.0226639669666626,4.07239819004525,0.699271592091571,
1996,0.041,0,0.0124038365471076,0.043256902121424,0.00961264491587201,0.0226639669666626,4.07239819004525,0.699271592091571,
1996,0.042,0,0.0124038365471076,0.043256902121424,0.00961264491587201,0.0226639669666626,4.07239819004525,0.699271592091571,
1996,0.043,0,0.0290705032137742,0.0849235687880907,0.0188719041751313,0.0467452282225376,3.72863801139306,0.703125,
1996,0.044,0,0.0290705032137742,0.0849235687880907,0.0188719041751313,0.0467452282225376,3.72863801139306,0.703125,
1996,0.045,0,0.0290705032137742,0.0849235687880907,0.0188719041751313,0.0467452282225376,3.72863801139306,0.703125,
1996,0.046,0,0.0290705032137742,0.0849235687880907,0.0188719041751313,0.0467452282225376,3.72863801139306,0.703125,
1996,0.047,0,0.0290705032137742,0.0849235687880907,0.0188719041751313,0.0467452282225376,3.72863801139306,0.703125,
1996,0.048,0,0.0290705032137742,0.0849235687880907,0.0188719041751313,0.0467452282225376,3.72863801139306,0.703125,
1996,0.049,0,0.0290705032137742,0.0849235687880907,0.0188719041751313,0.0467452282225376,3.72863801139306,0.703125,
1996,0.05,0,0.0290705032137742,0.0849235687880907,0.0188719041751313,0.0467452282225376,3.72863801139306,0.703125,
1996,0.051,0,0.0290705032137742,0.0849235687880907,0.0188719041751313,0.0467452282225376,3.72863801139306,0.703125,
1996,0.052,0,0.0290705032137742,0.0849235687880907,0.0188719041751313,0.0467452282225376,3.72863801139306,0.703125,
1996,0.053,0,0.0290705032137742,0.0849235687880907,0.0188719041751313,0.0467452282225376,3.72863801139306,0.703125,
1996,0.054,0,0.0290705032137742,0.0849235687880907,0.0188719041751313,0.0467452282225376,3.72863801139306,0.703125,
1996,0.055,0,0.0290705032137742,0.0849235687880907,0.0188719041751313,0.0467452282225376,3.72863801139306,0.703125,
1996,0.056,0,0.0290705032137742,0.0849235687880907,0.0188719041751313,0.0467452282225376,3.72863801139306,0.703125,
1996,0.057,0,0.0290705032137742,0.0849235687880907,0.0188719041751313,0.0467452282225376,3.72863801139306,0.703125,
1996,0.058,0,0.0290705032137742,0.0849235687880907,0.0188719041751313,0.0467452282225376,3.72863801139306,0.703125,
1996,0.059,0,0.0290705032137742,0.0849235687880907,0.0188719041751313,0.0467452282225376,3.72863801139306,0.703125,
1996,0.06,0,0.0290705032137742,0.0849235687880907,0.0188719041751313,0.0467452282225376,3.72863801139306,0.703125,
1996,0.061,0,0.0540705032137743,0.145868718153662,0.0324152707008137,0.0794228500460503,3.29821346770499,0.75,
1996,0.062,0,0.0540705032137743,0.145868718153662,0.0324152707008137,0.0794228500460503,3.29821346770499,0.75,
1996,0.063,0,0.0540705032137743,0.145868718153662,0.0324152707008137,0.0794228500460503,3.29821346770499,0.75,
1996,0.064,0,0.0540705032137743,0.145868718153662,0.0324152707008137,0.0794228500460503,3.29821346770499,0.75,
1996,0.065,0,0.0540705032137743,0.145868718153662,0.0324152707008137,0.0794228500460503,3.29821346770499,0.75,
1996,0.066,0,0.0540705032137743,0.145868718153662,0.0324152707008137,0.0794228500460503,3.29821346770499,0.75,
1996,0.067,0,0.0540705032137743,0.145868718153662,0.0324152707008137,0.0794228500460503,3.29821346770499,0.75,
1996,0.068,0,0.0540705032137743,0.145868718153662,0.0324152707008137,0.0794228500460503,3.29821346770499,0.75,
1996,0.069,0,0.0540705032137743,0.145868718153662,0.0324152707008137,0.0794228500460503,3.29821346770499,0.75,
1996,0.07,0,0.0540705032137743,0.145868718153662,0.0324152707008137,0.0794228500460503,3.29821346770499,0.75,
1996,0.071,0,0.0540705032137743,0.145868718153662,0.0324152707008137,0.0794228500460503,3.29821346770499,0.75,
1996,0.072,0,0.0540705032137743,0.145868718153662,0.0324152707008137,0.0794228500460503,3.29821346770499,0.75,
1996,0.073,0,0.0540705032137743,0.145868718153662,0.0324152707008137,0.0794228500460503,3.29821346770499,0.75,
1996,0.074,0,0.0540705032137743,0.145868718153662,0.0324152707008137,0.0794228500460503,3.29821346770499,0.75,
1996,0.075,0,0.0540705032137743,0.145868718153662,0.0324152707008137,0.0794228500460503,3.29821346770499,0.75,
1996,0.076,0,0.0540705032137743,0.145868718153662,0.0324152707008137,0.0794228500460503,3.29821346770499,0.75,
1996,0.077,0,0.0540705032137743,0.145868718153662,0.0324152707008137,0.0794228500460503,3.29821346770499,0.75,
1996,0.078,0,0.0540705032137743,0.145868718153662,0.0324152707008137,0.0794228500460503,3.29821346770499,0.75,
1996,0.079,0,0.0540705032137743,0.145868718153662,0.0324152707008137,0.0794228500460503,3.29821346770499,0.75,
1996,0.08,0,0.0540705032137743,0.145868718153662,0.0324152707008137,0.0794228500460503,3.29821346770499,0.75,
1996,0.081,0,0.0540705032137743,0.145868718153662,0.0324152707008137,0.0794228500460503,3.29821346770499,0.75,
1996,0.082,0,0.0540705032137743,0.145868718153662,0.0324152707008137,0.0794228500460503,3.29821346770499,0.75,
1996,0.083,0,0.0540705032137743,0.145868718153662,0.0324152707008137,0.0794228500460503,3.29821346770499,0.75,
1996,0.084,0,0.0540705032137743,0.145868718153662,0.0324152707008137,0.0794228500460503,3.29821346770499,0.75,
1996,0.085,0,0.0540705032137743,0.145868718153662,0.0324152707008137,0.0794228500460503,3.29821346770499,0.75,
1996,0.086,0,0.0540705032137743,0.145868718153662,0.0324152707008137,0.0794228500460503,3.29821346770499,0.75,
1996,0.087,0,0.0540705032137743,0.145868718153662,0.0324152707008137,0.0794228500460503,3.29821346770499,0.75,
1996,0.088,0,0.0540705032137743,0.145868718153662,0.0324152707008137,0.0794228500460503,3.29821346770499,0.75,
1996,0.089,0,0.0540705032137743,0.145868718153662,0.0324152707008137,0.0794228500460503,3.29821346770499,0.75,
1996,0.09,0,0.0540705032137743,0.145868718153662,0.0324152707008137,0.0794228500460503,3.29821346770499,0.75,
1996,0.091,0,0.0540705032137743,0.145868718153662,0.0324152707008137,0.0794228500460503,3.29821346770499,0.75,
1996,0.092,0,0.0540705032137743,0.145868718153662,0.0324152707008137,0.0794228500460503,3.29821346770499,0.75,
1996,0.093,0,0.0540705032137743,0.145868718153662,0.0324152707008137,0.0794228500460503,3.29821346770499,0.75,
1996,0.094,0,0.0540705032137743,0.145868718153662,0.0324152707008137,0.0794228500460503,3.29821346770499,0.75,
1996,0.095,0,0.0540705032137743,0.145868718153662,0.0324152707008137,0.0794228500460503,3.29821346770499,0.75,
1996,0.096,0,0.0540705032137743,0.145868718153662,0.0324152707008137,0.0794228500460503,3.29821346770499,0.75,
1996,0.097,0,0.0540705032137743,0.145868718153662,0.0324152707008137,0.0794228500460503,3.29821346770499,0.75,
1996,0.098,0,0.0540705032137743,0.145868718153662,0.0324152707008137,0.0794228500460503,3.29821346770499,0.75,
1996,0.099,0,0.0540705032137743,0.145868718153662,0.0324152707008137,0.0794228500460503,3.29821346770499,0.75,
1999,0,0,0.00427927927927929,0.0142642642642643,0.0025935025935026,0.00643780624538803,3.78947368421053,0.734642028808594,
1999,0.001,0,0.00427927927927929,0.0142642642642643,0.0025935025935026,0.00643780624538803,3.78947368421053,0.734642028808594,
1999,0.002,0,0.00427927927927929,0.0142642642642643,0.0025935025935026,0.00643780624538803,3.78947368421053,0.734642028808594,
1999,0.003,0,0.00427927927927929,0.0142642642642643,0.0025935025935026,0.00643780624538803,3.78947368421053,0.734642028808594,
1999,0.004,0,0.00427927927927929,0.0142642642642643,0.0025935025935026,0.00643780624538803,3.78947368421053,0.734642028808594,
1999,0.005,0,0.00427927927927929,0.0142642642642643,0.0025935025935026,0.00643780624538803,3.78947368421053,0.734642028808594,
1999,0.006,0,0.00492992992992992,0.0158658658658659,0.00288470288470289,0.00740216382326842,3.77358490566038,0.728111267089844,
1999,0.007,0,0.00492992992992992,0.0158658658658659,0.00288470288470289,0.00740216382326842,3.77358490566038,0.728111267089844,
1999,0.008,0,0.00492992992992992,0.0158658658658659,0.00288470288470289,0.00740216382326842,3.77358490566038,0.728111267089844,
1999,0.009,0,0.00492992992992992,0.0158658658658659,0.00288470288470289,0.00740216382326842,3.77358490566038,0.728111267089844,
1999,0.01,0,0.00492992992992992,0.0158658658658659,0.00288470288470289,0.00740216382326842,3.77358490566038,0.728111267089844,
1999,0.011,0,0.00492992992992992,0.0158658658658659,0.00288470288470289,0.00740216382326842,3.77358490566038,0.728111267089844,
1999,0.012,0,0.0126126126126127,0.0325325325325325,0.00591500591500592,0.0172974884596266,3.6144578313253,0.682791635172588,
1999,0.013,0,0.0126126126126127,0.0325325325325325,0.00591500591500592,0.0172974884596266,3.6144578313253,0.682791635172588,
1999,0.014,0,0.0126126126126127,0.0325325325325325,0.00591500591500592,0.0172974884596266,3.6144578313253,0.682791635172588,
1999,0.015,0,0.0126126126126127,0.0424174174174174,0.00771225771225771,0.020710291002075,3.58923230309073,0.674817898022893,
1999,0.016,0,0.0126126126126127,0.0424174174174174,0.00771225771225771,0.020710291002075,3.58923230309073,0.674817898022893,
1999,0.017,0,0.0126126126126127,0.0424174174174174,0.00771225771225771,0.020710291002075,3.58923230309073,0.674817898022893,
1999,0.018,0,0.0126126126126127,0.0424174174174174,0.00771225771225771,0.020710291002075,3.58923230309073,0.674817898022893,
1999,0.019,0,0.0126126126126127,0.0424174174174174,0.00771225771225771,0.020710291002075,3.58923230309073,0.674817898022893,
1999,0.02,0,0.0126126126126127,0.0424174174174174,0.00771225771225771,0.020710291002075,3.58923230309073,0.674817898022893,
1999,0.021,0,0.0126126126126127,0.0424174174174174,0.00771225771225771,0.020710291002075,3.58923230309073,0.674817898022893,
1999,0.022,0,0.0126126126126127,0.0424174174174174,0.00771225771225771,0.020710291002075,3.58923230309073,0.674817898022893,
1999,0.023,0,0.0126126126126127,0.0424174174174174,0.00771225771225771,0.020710291002075,3.58923230309073,0.674817898022893,
1999,0.024,0,0.0126126126126127,0.0424174174174174,0.00771225771225771,0.020710291002075,3.58923230309073,0.674817898022893,
1999,0.025,0,0.0292792792792793,0.0664414414414415,0.0120802620802621,0.0345762358659416,3.36763330215154,0.736732570239334,
1999,0.026,0,0.0292792792792793,0.0664414414414415,0.0120802620802621,0.0345762358659416,3.36763330215154,0.736732570239334,
1999,0.027,0,0.0292792792792793,0.0664414414414415,0.0120802620802621,0.0345762358659416,3.36763330215154,0.736732570239334,
1999,0.028,0,0.0292792792792793,0.0664414414414415,0.0120802620802621,0.0345762358659416,3.36763330215154,0.736732570239334,
1999,0.029,0,0.0292792792792793,0.0664414414414415,0.0120802620802621,0.0345762358659416,3.36763330215154,0.736732570239334,
1999,0.03,0,0.0292792792792793,0.0664414414414415,0.0120802620802621,0.0345762358659416,3.36763330215154,0.736732570239334,
1999,0.031,0,0.0292792792792793,0.0664414414414415,0.0120802620802621,0.0345762358659416,3.36763330215154,0.736732570239334,
1999,0.032,0,0.0292792792792793,0.0664414414414415,0.0120802620802621,0.0345762358659416,3.36763330215154,0.736732570239334,
1999,0.033,0,0.0292792792792793,0.0664414414414415,0.0120802620802621,0.0345762358659416,3.36763330215154,0.736732570239334,
1999,0.034,0,0.0292792792792793,0.0664414414414415,0.0120802620802621,0.0345762358659416,3.36763330215154,0.736732570239334,
1999,0.035,0,0.0292792792792793,0.0664414414414415,0.0120802620802621,0.0345762358659416,3.36763330215154,0.736732570239334,
1999,0.036,0,0.0292792792792793,0.0664414414414415,0.0120802620802621,0.0345762358659416,3.36763330215154,0.736732570239334,
1999,0.037,0,0.0292792792792793,0.0664414414414415,0.0120802620802621,0.0345762358659416,3.36763330215154,0.736732570239334,
1999,0.038,0,0.0292792792792793,0.0664414414414415,0.0120802620802621,0.0345762358659416,3.36763330215154,0.736732570239334,
1999,0.039,0,0.0292792792792793,0.0664414414414415,0.0120802620802621,0.0345762358659416,3.36763330215154,0.736732570239334,
1999,0.04,0,0.0292792792792793,0.0664414414414415,0.0120802620802621,0.0345762358659416,3.36763330215154,0.736732570239334,
1999,0.041,0,0.0292792792792793,0.0664414414414415,0.0120802620802621,0.0345762358659416,3.36763330215154,0.736732570239334,
1999,0.042,0,0.0292792792792793,0.0664414414414415,0.0120802620802621,0.0345762358659416,3.36763330215154,0.736732570239334,
1999,0.043,0,0.0292792792792793,0.0664414414414415,0.0120802620802621,0.0345762358659416,3.36763330215154,0.736732570239334,
1999,0.044,0,0.0542792792792793,0.108108108108108,0.0196560196560197,0.0602705271284751,3.05084745762712,0.715555555555556,
1999,0.045,0,0.0542792792792793,0.108108108108108,0.0196560196560197,0.0602705271284751,3.05084745762712,0.715555555555556,
1999,0.046,0,0.0542792792792793,0.108108108108108,0.0196560196560197,0.0602705271284751,3.05084745762712,0.715555555555556,
1999,0.047,0,0.0542792792792793,0.108108108108108,0.0196560196560197,0.0602705271284751,3.05084745762712,0.715555555555556,
1999,0.048,0,0.0542792792792793,0.108108108108108,0.0196560196560197,0.0602705271284751,3.05084745762712,0.715555555555556,
1999,0.049,0,0.0542792792792793,0.108108108108108,0.0196560196560197,0.0602705271284751,3.05084745762712,0.715555555555556,
1999,0.05,0,0.0542792792792793,0.108108108108108,0.0196560196560197,0.0602705271284751,3.05084745762712,0.715555555555556,
1999,0.051,0,0.0542792792792793,0.108108108108108,0.0196560196560197,0.0602705271284751,3.05084745762712,0.715555555555556,
1999,0.052,0,0.0542792792792793,0.108108108108108,0.0196560196560197,0.0602705271284751,3.05084745762712,0.715555555555556,
1999,0.053,0,0.0709459459459459,0.16016016016016,0.0291200291200291,0.0859956830005551,2.77884986491702,0.75,
1999,0.054,0,0.0709459459459459,0.16016016016016,0.0291200291200291,0.0859956830005551,2.77884986491702,0.75,
1999,0.055,0,0.0709459459459459,0.16016016016016,0.0291200291200291,0.0859956830005551,2.77884986491702,0.75,
1999,0.056,0,0.0709459459459459,0.16016016016016,0.0291200291200291,0.0859956830005551,2.77884986491702,0.75,
1999,0.057,0,0.0709459459459459,0.16016016016016,0.0291200291200291,0.0859956830005551,2.77884986491702,0.75,
1999,0.058,0,0.0709459459459459,0.16016016016016,0.0291200291200291,0.0859956830005551,2.77884986491702,0.75,
1999,0.059,0,0.0709459459459459,0.16016016016016,0.0291200291200291,0.0859956830005551,2.77884986491702,0.75,
1999,0.06,0,0.0709459459459459,0.16016016016016,0.0291200291200291,0.0859956830005551,2.77884986491702,0.75,
1999,0.061,0,0.0709459459459459,0.16016016016016,0.0291200291200291,0.0859956830005551,2.77884986491702,0.75,
1999,0.062,0,0.0709459459459459,0.16016016016016,0.0291200291200291,0.0859956830005551,2.77884986491702,0.75,
1999,0.063,0,0.0709459459459459,0.16016016016016,0.0291200291200291,0.0859956830005551,2.77884986491702,0.75,
1999,0.064,0,0.0709459459459459,0.16016016016016,0.0291200291200291,0.0859956830005551,2.77884986491702,0.75,
1999,0.065,0,0.0709459459459459,0.16016016016016,0.0291200291200291,0.0859956830005551,2.77884986491702,0.75,
1999,0.066,0,0.0709459459459459,0.16016016016016,0.0291200291200291,0.0859956830005551,2.77884986491702,0.75,
1999,0.067,0,0.0709459459459459,0.16016016016016,0.0291200291200291,0.0859956830005551,2.77884986491702,0.75,
1999,0.068,0,0.0709459459459459,0.16016016016016,0.0291200291200291,0.0859956830005551,2.77884986491702,0.75,
1999,0.069,0,0.0709459459459459,0.16016016016016,0.0291200291200291,0.0859956830005551,2.77884986491702,0.75,
1999,0.07,0,0.0709459459459459,0.16016016016016,0.0291200291200291,0.0859956830005551,2.77884986491702,0.75,
1999,0.071,0,0.112612612612613,0.23023023023023,0.0418600418600419,0.127842015073509,2.38095238095238,0.444444444444444,
1999,0.072,0,0.112612612612613,0.23023023023023,0.0418600418600419,0.127842015073509,2.38095238095238,0.444444444444444,
1999,0.073,0,0.112612612612613,0.23023023023023,0.0418600418600419,0.127842015073509,2.38095238095238,0.444444444444444,
1999,0.074,0,0.112612612612613,0.23023023023023,0.0418600418600419,0.127842015073509,2.38095238095238,0.444444444444444,
1999,0.075,0,0.112612612612613,0.23023023023023,0.0418600418600419,0.127842015073509,2.38095238095238,0.444444444444444,
1999,0.076,0,0.112612612612613,0.23023023023023,0.0418600418600419,0.127842015073509,2.38095238095238,0.444444444444444,
1999,0.077,0,0.112612612612613,0.23023023023023,0.0418600418600419,0.127842015073509,2.38095238095238,0.444444444444444,
1999,0.078,0,0.170945945945946,0.307307307307307,0.0558740558740559,0.179263533152234,1.97314332693889,1,
1999,0.079,0,0.170945945945946,0.307307307307307,0.0558740558740559,0.179263533152234,1.97314332693889,1,
1999,0.08,0,0.170945945945946,0.307307307307307,0.0558740558740559,0.179263533152234,1.97314332693889,1,
1999,0.081,0,0.170945945945946,0.307307307307307,0.0558740558740559,0.179263533152234,1.97314332693889,1,
1999,0.082,0,0.170945945945946,0.307307307307307,0.0558740558740559,0.179263533152234,1.97314332693889,1,
1999,0.083,0,0.170945945945946,0.307307307307307,0.0558740558740559,0.179263533152234,1.97314332693889,1,
1999,0.084,0,0.170945945945946,0.307307307307307,0.0558740558740559,0.179263533152234,1.97314332693889,1,
1999,0.085,0,0.170945945945946,0.307307307307307,0.0558740558740559,0.179263533152234,1.97314332693889,1,
1999,0.086,0,0.170945945945946,0.307307307307307,0.0558740558740559,0.179263533152234,1.97314332693889,1,
1999,0.087,0,0.170945945945946,0.307307307307307,0.0558740558740559,0.179263533152234,1.97314332693889,1,
1999,0.088,0,0.170945945945946,0.307307307307307,0.0558740558740559,0.179263533152234,1.97314332693889,1,
1999,0.089,0,0.170945945945946,0.307307307307307,0.0558740558740559,0.179263533152234,1.97314332693889,1,
1999,0.09,0,0.170945945945946,0.307307307307307,0.0558740558740559,0.179263533152234,1.97314332693889,1,
1999,0.091,0,0.170945945945946,0.307307307307307,0.0558740558740559,0.179263533152234,1.97314332693889,1,
1999,0.092,0,0.170945945945946,0.307307307307307,0.0558740558740559,0.179263533152234,1.97314332693889,1,
1999,0.093,0,0.170945945945946,0.307307307307307,0.0558740558740559,0.179263533152234,1.97314332693889,1,
1999,0.094,0,0.170945945945946,0.307307307307307,0.0558740558740559,0.179263533152234,1.97314332693889,1,
1999,0.095,0,0.170945945945946,0.307307307307307,0.0558740558740559,0.179263533152234,1.97314332693889,1,
1999,0.096,0,0.170945945945946,0.307307307307307,0.0558740558740559,0.179263533152234,1.97314332693889,1,
1999,0.097,0,0.170945945945946,0.307307307307307,0.0558740558740559,0.179263533152234,1.97314332693889,1,
1999,0.098,0,0.170945945945946,0.307307307307307,0.0558740558740559,0.179263533152234,1.97314332693889,1,
1999,0.099,0,0.170945945945946,0.307307307307307,0.0558740558740559,0.179263533152234,1.97314332693889,1,
2002,0,0,0.00407092907092907,0.0164502164502165,0.00274170274170274,0.00763498128105565,4.24028268551237,0.836089456170226,
2002,0.001,0,0.00407092907092907,0.0164502164502165,0.00274170274170274,0.00763498128105565,4.24028268551237,0.836089456170226,
2002,0.002,0,0.00407092907092907,0.0164502164502165,0.00274170274170274,0.00763498128105565,4.24028268551237,0.836089456170226,
2002,0.003,0,0.00407092907092907,0.0164502164502165,0.00274170274170274,0.00763498128105565,4.24028268551237,0.836089456170226,
2002,0.004,0,0.00407092907092907,0.0164502164502165,0.00274170274170274,0.00763498128105565,4.24028268551237,0.836089456170226,
2002,0.005,0,0.00407092907092907,0.0164502164502165,0.00274170274170274,0.00763498128105565,4.24028268551237,0.836089456170226,
2002,0.006,0,0.00407925407925408,0.0181901431901432,0.00303169053169053,0.00853184204386483,4.12135088723526,0.84709624590577,
2002,0.007,0,0.00407925407925408,0.0181901431901432,0.00303169053169053,0.00853184204386483,4.12135088723526,0.84709624590577,
2002,0.008,0,0.00407925407925408,0.0181901431901432,0.00303169053169053,0.00853184204386483,4.12135088723526,0.84709624590577,
2002,0.009,0,0.00407925407925408,0.0181901431901432,0.00303169053169053,0.00853184204386483,4.12135088723526,0.84709624590577,
2002,0.01,0,0.00407925407925408,0.0181901431901432,0.00303169053169053,0.00853184204386483,4.12135088723526,0.84709624590577,
2002,0.011,0,0.00407925407925408,0.0181901431901432,0.00303169053169053,0.00853184204386483,4.12135088723526,0.84709624590577,
2002,0.012,0,0.00407925407925408,0.0181901431901432,0.00303169053169053,0.00853184204386483,4.12135088723526,0.84709624590577,
2002,0.013,0,0.0124125874125874,0.0365467865467865,0.00609113109113109,0.0183662589600767,3.91304347826087,0.849710254472159,
2002,0.014,0,0.0207459207459207,0.0505328005328005,0.00842213342213342,0.0258851753115839,3.75782881002088,0.880859375,
2002,0.015,0,0.0207459207459207,0.0505328005328005,0.00842213342213342,0.0258851753115839,3.75782881002088,0.880859375,
2002,0.016,0,0.0207459207459207,0.0505328005328005,0.00842213342213342,0.0258851753115839,3.75782881002088,0.880859375,
2002,0.017,0,0.029079254079254,0.0669330669330669,0.0111555111555112,0.0324701526048145,3.64556962025316,0.8984375,
2002,0.018,0,0.029079254079254,0.0669330669330669,0.0111555111555112,0.0324701526048145,3.64556962025316,0.8984375,
2002,0.019,0,0.029079254079254,0.0669330669330669,0.0111555111555112,0.0324701526048145,3.64556962025316,0.8984375,
2002,0.02,0,0.029079254079254,0.0669330669330669,0.0111555111555112,0.0324701526048145,3.64556962025316,0.8984375,
2002,0.021,0,0.029079254079254,0.0669330669330669,0.0111555111555112,0.0324701526048145,3.64556962025316,0.8984375,
2002,0.022,0,0.029079254079254,0.0669330669330669,0.0111555111555112,0.0324701526048145,3.64556962025316,0.8984375,
2002,0.023,0,0.029079254079254,0.0669330669330669,0.0111555111555112,0.0324701526048145,3.64556962025316,0.8984375,
2002,0.024,0,0.029079254079254,0.0669330669330669,0.0111555111555112,0.0324701526048145,3.64556962025316,0.8984375,
2002,0.025,0,0.029079254079254,0.0669330669330669,0.0111555111555112,0.0324701526048145,3.64556962025316,0.8984375,
2002,0.026,0,0.029079254079254,0.0669330669330669,0.0111555111555112,0.0324701526048145,3.64556962025316,0.8984375,
2002,0.027,0,0.029079254079254,0.0669330669330669,0.0111555111555112,0.0324701526048145,3.64556962025316,0.8984375,
2002,0.028,0,0.029079254079254,0.0669330669330669,0.0111555111555112,0.0324701526048145,3.64556962025316,0.8984375,
2002,0.029,0,0.029079254079254,0.0669330669330669,0.0111555111555112,0.0324701526048145,3.64556962025316,0.8984375,
2002,0.03,0,0.029079254079254,0.0669330669330669,0.0111555111555112,0.0324701526048145,3.64556962025316,0.8984375,
2002,0.031,0,0.029079254079254,0.0669330669330669,0.0111555111555112,0.0324701526048145,3.64556962025316,0.8984375,
2002,0.032,0,0.029079254079254,0.0669330669330669,0.0111555111555112,0.0324701526048145,3.64556962025316,0.8984375,
2002,0.033,0,0.029079254079254,0.0669330669330669,0.0111555111555112,0.0324701526048145,3.64556962025316,0.8984375,
2002,0.034,0,0.029079254079254,0.0669330669330669,0.0111555111555112,0.0324701526048145,3.64556962025316,0.8984375,
2002,0.035,0,0.029079254079254,0.0669330669330669,0.0111555111555112,0.0324701526048145,3.64556962025316,0.8984375,
2002,0.036,0,0.029079254079254,0.0669330669330669,0.0111555111555112,0.0324701526048145,3.64556962025316,0.8984375,
2002,0.037,0,0.029079254079254,0.0669330669330669,0.0111555111555112,0.0324701526048145,3.64556962025316,0.8984375,
2002,0.038,0,0.029079254079254,0.0669330669330669,0.0111555111555112,0.0324701526048145,3.64556962025316,0.8984375,
2002,0.039,0,0.029079254079254,0.0669330669330669,0.0111555111555112,0.0324701526048145,3.64556962025316,0.8984375,
2002,0.04,0,0.029079254079254,0.0669330669330669,0.0111555111555112,0.0324701526048145,3.64556962025316,0.8984375,
2002,0.041,0,0.029079254079254,0.0669330669330669,0.0111555111555112,0.0324701526048145,3.64556962025316,0.8984375,
2002,0.042,0,0.029079254079254,0.0669330669330669,0.0111555111555112,0.0324701526048145,3.64556962025316,0.8984375,
2002,0.043,0,0.029079254079254,0.0669330669330669,0.0111555111555112,0.0324701526048145,3.64556962025316,0.8984375,
2002,0.044,0,0.029079254079254,0.0669330669330669,0.0111555111555112,0.0324701526048145,3.64556962025316,0.8984375,
2002,0.045,0,0.029079254079254,0.0669330669330669,0.0111555111555112,0.0324701526048145,3.64556962025316,0.8984375,
2002,0.046,0,0.029079254079254,0.0669330669330669,0.0111555111555112,0.0324701526048145,3.64556962025316,0.8984375,
2002,0.047,0,0.029079254079254,0.0669330669330669,0.0111555111555112,0.0324701526048145,3.64556962025316,0.8984375,
2002,0.048,0,0.029079254079254,0.0669330669330669,0.0111555111555112,0.0324701526048145,3.64556962025316,0.8984375,
2002,0.049,0,0.029079254079254,0.0669330669330669,0.0111555111555112,0.0324701526048145,3.64556962025316,0.8984375,
2002,0.05,0,0.029079254079254,0.0669330669330669,0.0111555111555112,0.0324701526048145,3.64556962025316,0.8984375,
2002,0.051,0,0.029079254079254,0.0669330669330669,0.0111555111555112,0.0324701526048145,3.64556962025316,0.8984375,
2002,0.052,0,0.029079254079254,0.0669330669330669,0.0111555111555112,0.0324701526048145,3.64556962025316,0.8984375,
2002,0.053,0,0.029079254079254,0.0669330669330669,0.0111555111555112,0.0324701526048145,3.64556962025316,0.8984375,
2002,0.054,0,0.029079254079254,0.0669330669330669,0.0111555111555112,0.0324701526048145,3.64556962025316,0.8984375,
2002,0.055,0,0.029079254079254,0.0669330669330669,0.0111555111555112,0.0324701526048145,3.64556962025316,0.8984375,
2002,0.056,0,0.029079254079254,0.0669330669330669,0.0111555111555112,0.0324701526048145,3.64556962025316,0.8984375,
2002,0.057,0,0.029079254079254,0.0669330669330669,0.0111555111555112,0.0324701526048145,3.64556962025316,0.8984375,
2002,0.058,0,0.029079254079254,0.0669330669330669,0.0111555111555112,0.0324701526048145,3.64556962025316,0.8984375,
2002,0.059,0,0.029079254079254,0.0669330669330669,0.0111555111555112,0.0324701526048145,3.64556962025316,0.8984375,
2002,0.06,0,0.029079254079254,0.0669330669330669,0.0111555111555112,0.0324701526048145,3.64556962025316,0.8984375,
2002,0.061,0,0.029079254079254,0.0669330669330669,0.0111555111555112,0.0324701526048145,3.64556962025316,0.8984375,
2002,0.062,0,0.029079254079254,0.0669330669330669,0.0111555111555112,0.0324701526048145,3.64556962025316,0.8984375,
2002,0.063,0,0.029079254079254,0.0669330669330669,0.0111555111555112,0.0324701526048145,3.64556962025316,0.8984375,
2002,0.064,0,0.029079254079254,0.0669330669330669,0.0111555111555112,0.0324701526048145,3.64556962025316,0.8984375,
2002,0.065,0,0.029079254079254,0.0669330669330669,0.0111555111555112,0.0324701526048145,3.64556962025316,0.8984375,
2002,0.066,0,0.029079254079254,0.0669330669330669,0.0111555111555112,0.0324701526048145,3.64556962025316,0.8984375,
2002,0.067,0,0.0624125874125874,0.133866133866134,0.0223110223110223,0.0735731450250483,3.20998662505573,0.828125,
2002,0.068,0,0.0624125874125874,0.133866133866134,0.0223110223110223,0.0735731450250483,3.20998662505573,0.828125,
2002,0.069,0,0.0624125874125874,0.133866133866134,0.0223110223110223,0.0735731450250483,3.20998662505573,0.828125,
2002,0.07,0,0.104079254079254,0.203796203796204,0.033966033966034,0.111415919730424,2.77884986491702,1,
2002,0.071,0,0.154079254079254,0.274725274725275,0.0457875457875458,0.153801510593277,2.34604105571848,1,
2002,0.072,0,0.154079254079254,0.274725274725275,0.0457875457875458,0.153801510593277,2.34604105571848,1,
2002,0.073,0,0.154079254079254,0.274725274725275,0.0457875457875458,0.153801510593277,2.34604105571848,1,
2002,0.074,0,0.154079254079254,0.274725274725275,0.0457875457875458,0.153801510593277,2.34604105571848,1,
2002,0.075,0,0.154079254079254,0.274725274725275,0.0457875457875458,0.153801510593277,2.34604105571848,1,
2002,0.076,0,0.154079254079254,0.274725274725275,0.0457875457875458,0.153801510593277,2.34604105571848,1,
2002,0.077,0,0.154079254079254,0.274725274725275,0.0457875457875458,0.153801510593277,2.34604105571848,1,
2002,0.078,0,0.154079254079254,0.274725274725275,0.0457875457875458,0.153801510593277,2.34604105571848,1,
2002,0.079,0,0.154079254079254,0.274725274725275,0.0457875457875458,0.153801510593277,2.34604105571848,1,
2002,0.08,0,0.154079254079254,0.274725274725275,0.0457875457875458,0.153801510593277,2.34604105571848,1,
2002,0.081,0,0.154079254079254,0.274725274725275,0.0457875457875458,0.153801510593277,2.34604105571848,1,
2002,0.082,0,0.154079254079254,0.274725274725275,0.0457875457875458,0.153801510593277,2.34604105571848,1,
2002,0.083,0,0.154079254079254,0.274725274725275,0.0457875457875458,0.153801510593277,2.34604105571848,1,
2002,0.084,0,0.154079254079254,0.274725274725275,0.0457875457875458,0.153801510593277,2.34604105571848,1,
2002,0.085,0,0.154079254079254,0.274725274725275,0.0457875457875458,0.153801510593277,2.34604105571848,1,
2002,0.086,0,0.154079254079254,0.274725274725275,0.0457875457875458,0.153801510593277,2.34604105571848,1,
2002,0.087,0,0.154079254079254,0.274725274725275,0.0457875457875458,0.153801510593277,2.34604105571848,1,
2002,0.088,0,0.154079254079254,0.274725274725275,0.0457875457875458,0.153801510593277,2.34604105571848,1,
2002,0.089,0,0.154079254079254,0.274725274725275,0.0457875457875458,0.153801510593277,2.34604105571848,1,
2002,0.09,0,0.154079254079254,0.274725274725275,0.0457875457875458,0.153801510593277,2.34604105571848,1,
2002,0.091,0,0.154079254079254,0.274725274725275,0.0457875457875458,0.153801510593277,2.34604105571848,1,
2002,0.092,0,0.154079254079254,0.274725274725275,0.0457875457875458,0.153801510593277,2.34604105571848,1,
2002,0.093,0,0.154079254079254,0.274725274725275,0.0457875457875458,0.153801510593277,2.34604105571848,1,
2002,0.094,0,0.154079254079254,0.274725274725275,0.0457875457875458,0.153801510593277,2.34604105571848,1,
2002,0.095,0,0.154079254079254,0.274725274725275,0.0457875457875458,0.153801510593277,2.34604105571848,1,
2002,0.096,0,0.154079254079254,0.274725274725275,0.0457875457875458,0.153801510593277,2.34604105571848,1,
2002,0.097,0,0.154079254079254,0.274725274725275,0.0457875457875458,0.153801510593277,2.34604105571848,1,
2002,0.098,0,0.154079254079254,0.274725274725275,0.0457875457875458,0.153801510593277,2.34604105571848,1,
2002,0.099,0,0.154079254079254,0.274725274725275,0.0457875457875458,0.153801510593277,2.34604105571848,1,
2005,0,0,0.00402097902097902,0.0138278388278388,0.00251415251415251,0.00627177639870229,3.05084745762712,0.601834840010406,
2005,0.001,0,0.00402097902097902,0.0138278388278388,0.00251415251415251,0.00627177639870229,3.05084745762712,0.601834840010406,
2005,0.002,0,0.00402097902097902,0.0138278388278388,0.00251415251415251,0.00627177639870229,3.05084745762712,0.601834840010406,
2005,0.003,0,0.00402097902097902,0.0138278388278388,0.00251415251415251,0.00627177639870229,3.05084745762712,0.601834840010406,
2005,0.004,0,0.00402097902097902,0.0138278388278388,0.00251415251415251,0.00627177639870229,3.05084745762712,0.601834840010406,
2005,0.005,0,0.00607725607725612,0.0165667665667666,0.00301213937577574,0.00788413451304055,2.98879202988792,0.598305168089954,
2005,0.006,0,0.00939060939060943,0.0225607725607726,0.0041019586474132,0.0109963748926817,2.93159609120521,0.59232,
2005,0.007,0,0.00939060939060943,0.0225607725607726,0.0041019586474132,0.0109963748926817,2.93159609120521,0.59232,
2005,0.008,0,0.00939060939060943,0.0225607725607726,0.0041019586474132,0.0109963748926817,2.93159609120521,0.59232,
2005,0.009,0,0.00939060939060943,0.0225607725607726,0.0041019586474132,0.0109963748926817,2.93159609120521,0.59232,
2005,0.01,0,0.00939060939060943,0.0225607725607726,0.0041019586474132,0.0109963748926817,2.93159609120521,0.59232,
2005,0.011,0,0.00939060939060943,0.0225607725607726,0.0041019586474132,0.0109963748926817,2.93159609120521,0.59232,
2005,0.012,0,0.00939060939060943,0.027947052947053,0.00508128235400963,0.0140093392464358,2.92445166531275,0.55859375,
2005,0.013,0,0.00939060939060943,0.027947052947053,0.00508128235400963,0.0140093392464358,2.92445166531275,0.55859375,
2005,0.014,0,0.00939060939060943,0.027947052947053,0.00508128235400963,0.0140093392464358,2.92445166531275,0.55859375,
2005,0.015,0,0.0177239427239427,0.0429320679320679,0.00780583053310326,0.0224825770392633,2.81359906213365,0.6875,
2005,0.016,0,0.0177239427239427,0.0429320679320679,0.00780583053310326,0.0224825770392633,2.81359906213365,0.6875,
2005,0.017,0,0.0177239427239427,0.0429320679320679,0.00780583053310326,0.0224825770392633,2.81359906213365,0.6875,
2005,0.018,0,0.0177239427239427,0.0429320679320679,0.00780583053310326,0.0224825770392633,2.81359906213365,0.6875,
2005,0.019,0,0.0177239427239427,0.0429320679320679,0.00780583053310326,0.0224825770392633,2.81359906213365,0.6875,
2005,0.02,0,0.0177239427239427,0.0429320679320679,0.00780583053310326,0.0224825770392633,2.81359906213365,0.6875,
2005,0.021,0,0.0310772560772561,0.0639110889110889,0.0116201979838344,0.0357621156922945,2.65878877400295,0.448979591836735,
2005,0.022,0,0.0310772560772561,0.0639110889110889,0.0116201979838344,0.0357621156922945,2.65878877400295,0.448979591836735,
2005,0.023,0,0.0310772560772561,0.0639110889110889,0.0116201979838344,0.0357621156922945,2.65878877400295,0.448979591836735,
2005,0.024,0,0.0310772560772561,0.0639110889110889,0.0116201979838344,0.0357621156922945,2.65878877400295,0.448979591836735,
2005,0.025,0,0.0310772560772561,0.0639110889110889,0.0116201979838344,0.0357621156922945,2.65878877400295,0.448979591836735,
2005,0.026,0,0.0310772560772561,0.0639110889110889,0.0116201979838344,0.0357621156922945,2.65878877400295,0.448979591836735,
2005,0.027,0,0.0394105894105894,0.0889110889110889,0.0161656525292889,0.0472506930900293,2.55772646536412,0.75,
2005,0.028,0,0.0394105894105894,0.0889110889110889,0.0161656525292889,0.0472506930900293,2.55772646536412,0.75,
2005,0.029,0,0.0394105894105894,0.0889110889110889,0.0161656525292889,0.0472506930900293,2.55772646536412,0.75,
2005,0.03,0,0.0394105894105894,0.0889110889110889,0.0161656525292889,0.0472506930900293,2.55772646536412,0.75,
2005,0.031,0,0.0394105894105894,0.0889110889110889,0.0161656525292889,0.0472506930900293,2.55772646536412,0.75,
2005,0.032,0,0.0394105894105894,0.0889110889110889,0.0161656525292889,0.0472506930900293,2.55772646536412,0.75,
2005,0.033,0,0.0394105894105894,0.0889110889110889,0.0161656525292889,0.0472506930900293,2.55772646536412,0.75,
2005,0.034,0,0.0394105894105894,0.0889110889110889,0.0161656525292889,0.0472506930900293,2.55772646536412,0.75,
2005,0.035,0,0.0394105894105894,0.0889110889110889,0.0161656525292889,0.0472506930900293,2.55772646536412,0.75,
2005,0.036,0,0.0394105894105894,0.0889110889110889,0.0161656525292889,0.0472506930900293,2.55772646536412,0.75,
2005,0.037,0,0.0394105894105894,0.0889110889110889,0.0161656525292889,0.0472506930900293,2.55772646536412,0.75,
2005,0.038,0,0.0394105894105894,0.0889110889110889,0.0161656525292889,0.0472506930900293,2.55772646536412,0.75,
2005,0.039,0,0.0394105894105894,0.0889110889110889,0.0161656525292889,0.0472506930900293,2.55772646536412,0.75,
2005,0.04,0,0.0394105894105894,0.0889110889110889,0.0161656525292889,0.0472506930900293,2.55772646536412,0.75,
2005,0.041,0,0.0394105894105894,0.0889110889110889,0.0161656525292889,0.0472506930900293,2.55772646536412,0.75,
2005,0.042,0,0.0394105894105894,0.0889110889110889,0.0161656525292889,0.0472506930900293,2.55772646536412,0.75,
2005,0.043,0,0.0394105894105894,0.0889110889110889,0.0161656525292889,0.0472506930900293,2.55772646536412,0.75,
2005,0.044,0,0.0394105894105894,0.0889110889110889,0.0161656525292889,0.0472506930900293,2.55772646536412,0.75,
2005,0.045,0,0.0394105894105894,0.0889110889110889,0.0161656525292889,0.0472506930900293,2.55772646536412,0.75,
2005,0.046,0,0.0394105894105894,0.0889110889110889,0.0161656525292889,0.0472506930900293,2.55772646536412,0.75,
2005,0.047,0,0.0394105894105894,0.0889110889110889,0.0161656525292889,0.0472506930900293,2.55772646536412,0.75,
2005,0.048,0,0.0394105894105894,0.0889110889110889,0.0161656525292889,0.0472506930900293,2.55772646536412,0.75,
2005,0.049,0,0.0394105894105894,0.0889110889110889,0.0161656525292889,0.0472506930900293,2.55772646536412,0.75,
2005,0.05,0,0.0394105894105894,0.0889110889110889,0.0161656525292889,0.0472506930900293,2.55772646536412,0.75,
2005,0.051,0,0.0394105894105894,0.0889110889110889,0.0161656525292889,0.0472506930900293,2.55772646536412,0.75,
2005,0.052,0,0.0394105894105894,0.0889110889110889,0.0161656525292889,0.0472506930900293,2.55772646536412,0.75,
2005,0.053,0,0.0677239427239427,0.141858141858142,0.0257923894287531,0.0813602552500376,2.27201009782266,0.75,
2005,0.054,0,0.0677239427239427,0.141858141858142,0.0257923894287531,0.0813602552500376,2.27201009782266,0.75,
2005,0.055,0,0.0677239427239427,0.141858141858142,0.0257923894287531,0.0813602552500376,2.27201009782266,0.75,
2005,0.056,0,0.0677239427239427,0.141858141858142,0.0257923894287531,0.0813602552500376,2.27201009782266,0.75,
2005,0.057,0,0.101057276057276,0.198801198801199,0.0361456725093089,0.117085730231862,1.99944459872258,1,
2005,0.058,0,0.101057276057276,0.198801198801199,0.0361456725093089,0.117085730231862,1.99944459872258,1,
2005,0.059,0,0.101057276057276,0.198801198801199,0.0361456725093089,0.117085730231862,1.99944459872258,1,
2005,0.06,0,0.101057276057276,0.198801198801199,0.0361456725093089,0.117085730231862,1.99944459872258,1,
2005,0.061,0,0.101057276057276,0.198801198801199,0.0361456725093089,0.117085730231862,1.99944459872258,1,
2005,0.062,0,0.101057276057276,0.198801198801199,0.0361456725093089,0.117085730231862,1.99944459872258,1,
2005,0.063,0,0.101057276057276,0.198801198801199,0.0361456725093089,0.117085730231862,1.99944459872258,1,
2005,0.064,0,0.101057276057276,0.198801198801199,0.0361456725093089,0.117085730231862,1.99944459872258,1,
2005,0.065,0,0.101057276057276,0.198801198801199,0.0361456725093089,0.117085730231862,1.99944459872258,1,
2005,0.066,0,0.101057276057276,0.198801198801199,0.0361456725093089,0.117085730231862,1.99944459872258,1,
2005,0.067,0,0.101057276057276,0.198801198801199,0.0361456725093089,0.117085730231862,1.99944459872258,1,
2005,0.068,0,0.101057276057276,0.198801198801199,0.0361456725093089,0.117085730231862,1.99944459872258,1,
2005,0.069,0,0.101057276057276,0.198801198801199,0.0361456725093089,0.117085730231862,1.99944459872258,1,
2005,0.07,0,0.101057276057276,0.198801198801199,0.0361456725093089,0.117085730231862,1.99944459872258,1,
2005,0.071,0,0.101057276057276,0.198801198801199,0.0361456725093089,0.117085730231862,1.99944459872258,1,
2005,0.072,0,0.101057276057276,0.198801198801199,0.0361456725093089,0.117085730231862,1.99944459872258,1,
2005,0.073,0,0.101057276057276,0.198801198801199,0.0361456725093089,0.117085730231862,1.99944459872258,1,
2005,0.074,0,0.101057276057276,0.198801198801199,0.0361456725093089,0.117085730231862,1.99944459872258,1,
2005,0.075,0,0.101057276057276,0.198801198801199,0.0361456725093089,0.117085730231862,1.99944459872258,1,
2005,0.076,0,0.101057276057276,0.198801198801199,0.0361456725093089,0.117085730231862,1.99944459872258,1,
2005,0.077,0,0.101057276057276,0.198801198801199,0.0361456725093089,0.117085730231862,1.99944459872258,1,
2005,0.078,0,0.101057276057276,0.198801198801199,0.0361456725093089,0.117085730231862,1.99944459872258,1,
2005,0.079,0,0.101057276057276,0.198801198801199,0.0361456725093089,0.117085730231862,1.99944459872258,1,
2005,0.08,0,0.101057276057276,0.198801198801199,0.0361456725093089,0.117085730231862,1.99944459872258,1,
2005,0.081,0,0.101057276057276,0.198801198801199,0.0361456725093089,0.117085730231862,1.99944459872258,1,
2005,0.082,0,0.101057276057276,0.198801198801199,0.0361456725093089,0.117085730231862,1.99944459872258,1,
2005,0.083,0,0.101057276057276,0.198801198801199,0.0361456725093089,0.117085730231862,1.99944459872258,1,
2005,0.084,0,0.101057276057276,0.198801198801199,0.0361456725093089,0.117085730231862,1.99944459872258,1,
2005,0.085,0,0.101057276057276,0.198801198801199,0.0361456725093089,0.117085730231862,1.99944459872258,1,
2005,0.086,0,0.101057276057276,0.198801198801199,0.0361456725093089,0.117085730231862,1.99944459872258,1,
2005,0.087,0,0.101057276057276,0.198801198801199,0.0361456725093089,0.117085730231862,1.99944459872258,1,
2005,0.088,0,0.101057276057276,0.198801198801199,0.0361456725093089,0.117085730231862,1.99944459872258,1,
2005,0.089,0,0.101057276057276,0.198801198801199,0.0361456725093089,0.117085730231862,1.99944459872258,1,
2005,0.09,0,0.101057276057276,0.198801198801199,0.0361456725093089,0.117085730231862,1.99944459872258,1,
2005,0.091,0,0.101057276057276,0.198801198801199,0.0361456725093089,0.117085730231862,1.99944459872258,1,
2005,0.092,0,0.101057276057276,0.198801198801199,0.0361456725093089,0.117085730231862,1.99944459872258,1,
2005,0.093,0,0.101057276057276,0.198801198801199,0.0361456725093089,0.117085730231862,1.99944459872258,1,
2005,0.094,0,0.101057276057276,0.198801198801199,0.0361456725093089,0.117085730231862,1.99944459872258,1,
2005,0.095,0,0.101057276057276,0.198801198801199,0.0361456725093089,0.117085730231862,1.99944459872258,1,
2005,0.096,0,0.101057276057276,0.198801198801199,0.0361456725093089,0.117085730231862,1.99944459872258,1,
2005,0.097,0,0.101057276057276,0.198801198801199,0.0361456725093089,0.117085730231862,1.99944459872258,1,
2005,0.098,0,0.101057276057276,0.198801198801199,0.0361456725093089,0.117085730231862,1.99944459872258,1,
2005,0.099,0,0.101057276057276,0.198801198801199,0.0361456725093089,0.117085730231862,1.99944459872258,1,
2008,0,0,0.00903994598573893,0.0186167930440005,0.00195966242568426,0.00887931143556267,2.98507462686567,0.858039494446094,
2008,0.001,0,0.00903994598573893,0.0186167930440005,0.00195966242568426,0.00887931143556267,2.98507462686567,0.858039494446094,
2008,0.002,0,0.00903994598573893,0.0186167930440005,0.00195966242568426,0.00887931143556267,2.98507462686567,0.858039494446094,
2008,0.003,0,0.00903994598573893,0.0186167930440005,0.00195966242568426,0.00887931143556267,2.98507462686567,0.858039494446094,
2008,0.004,0,0.00903994598573893,0.0186167930440005,0.00195966242568426,0.00887931143556267,2.98507462686567,0.858039494446094,
2008,0.005,0,0.00903994598573893,0.0186167930440005,0.00195966242568426,0.00887931143556267,2.98507462686567,0.858039494446094,
2008,0.006,0,0.0101162006102622,0.0264763286680776,0.0027869819650608,0.0126172710630349,2.93040293040293,0.843584,
2008,0.007,0,0.0101162006102622,0.0264763286680776,0.0027869819650608,0.0126172710630349,2.93040293040293,0.843584,
2008,0.008,0,0.0101162006102622,0.0264763286680776,0.0027869819650608,0.0126172710630349,2.93040293040293,0.843584,
2008,0.009,0,0.0173732793190723,0.0348096620014109,0.00366417494751694,0.0175322922079188,2.86624203821656,0.861678004535148,
2008,0.01,0,0.0184495339435956,0.0431429953347443,0.00454136792997308,0.021614351996808,2.81910728269381,0.828125,
2008,0.011,0,0.0184495339435956,0.0431429953347443,0.00454136792997308,0.021614351996808,2.81910728269381,0.828125,
2008,0.012,0,0.0184495339435956,0.0431429953347443,0.00454136792997308,0.021614351996808,2.81910728269381,0.828125,
2008,0.013,0,0.0184495339435956,0.0431429953347443,0.00454136792997308,0.021614351996808,2.81910728269381,0.828125,
2008,0.014,0,0.0184495339435956,0.0431429953347443,0.00454136792997308,0.021614351996808,2.81910728269381,0.828125,
2008,0.015,0,0.0184495339435956,0.0431429953347443,0.00454136792997308,0.021614351996808,2.81910728269381,0.828125,
2008,0.016,0,0.0184495339435956,0.0431429953347443,0.00454136792997308,0.021614351996808,2.81910728269381,0.828125,
2008,0.017,0,0.0184495339435956,0.0431429953347443,0.00454136792997308,0.021614351996808,2.81910728269381,0.828125,
2008,0.018,0,0.0184495339435956,0.0431429953347443,0.00454136792997308,0.021614351996808,2.81910728269381,0.828125,
2008,0.019,0,0.0184495339435956,0.0431429953347443,0.00454136792997308,0.021614351996808,2.81910728269381,0.828125,
2008,0.02,0,0.0184495339435956,0.0431429953347443,0.00454136792997308,0.021614351996808,2.81910728269381,0.828125,
2008,0.021,0,0.0184495339435956,0.0431429953347443,0.00454136792997308,0.021614351996808,2.81910728269381,0.828125,
2008,0.022,0,0.0184495339435956,0.0431429953347443,0.00454136792997308,0.021614351996808,2.81910728269381,0.828125,
2008,0.023,0,0.0184495339435956,0.0431429953347443,0.00454136792997308,0.021614351996808,2.81910728269381,0.828125,
2008,0.024,0,0.034039945985739,0.0664613408195803,0.0069959306125874,0.0347865919153011,2.69461077844311,0.828125,
2008,0.025,0,0.034039945985739,0.0664613408195803,0.0069959306125874,0.0347865919153011,2.69461077844311,0.828125,
2008,0.026,0,0.034039945985739,0.0664613408195803,0.0069959306125874,0.0347865919153011,2.69461077844311,0.828125,
2008,0.027,0,0.034039945985739,0.0664613408195803,0.0069959306125874,0.0347865919153011,2.69461077844311,0.828125,
2008,0.028,0,0.034039945985739,0.0664613408195803,0.0069959306125874,0.0347865919153011,2.69461077844311,0.828125,
2008,0.029,0,0.034039945985739,0.0664613408195803,0.0069959306125874,0.0347865919153011,2.69461077844311,0.828125,
2008,0.03,0,0.034039945985739,0.0664613408195803,0.0069959306125874,0.0347865919153011,2.69461077844311,0.828125,
2008,0.031,0,0.034039945985739,0.0664613408195803,0.0069959306125874,0.0347865919153011,2.69461077844311,0.828125,
2008,0.032,0,0.034039945985739,0.0664613408195803,0.0069959306125874,0.0347865919153011,2.69461077844311,0.828125,
2008,0.033,0,0.034039945985739,0.0664613408195803,0.0069959306125874,0.0347865919153011,2.69461077844311,0.828125,
2008,0.034,0,0.034039945985739,0.0664613408195803,0.0069959306125874,0.0347865919153011,2.69461077844311,0.828125,
2008,0.035,0,0.034039945985739,0.0664613408195803,0.0069959306125874,0.0347865919153011,2.69461077844311,0.828125,
2008,0.036,0,0.034039945985739,0.0664613408195803,0.0069959306125874,0.0347865919153011,2.69461077844311,0.828125,
2008,0.037,0,0.0507066126524056,0.102926938290498,0.0108344145568945,0.0578049391204778,2.47337684644452,1.06122448979592,
2008,0.038,0,0.0507066126524056,0.102926938290498,0.0108344145568945,0.0578049391204778,2.47337684644452,1.06122448979592,
2008,0.039,0,0.0507066126524056,0.102926938290498,0.0108344145568945,0.0578049391204778,2.47337684644452,1.06122448979592,
2008,0.04,0,0.0507066126524056,0.102926938290498,0.0108344145568945,0.0578049391204778,2.47337684644452,1.06122448979592,
2008,0.041,0,0.0757066126524056,0.143598004918608,0.0151155794651166,0.081309263381221,2.26628895184136,1,
2008,0.042,0,0.0757066126524056,0.143598004918608,0.0151155794651166,0.081309263381221,2.26628895184136,1,
2008,0.043,0,0.0757066126524056,0.143598004918608,0.0151155794651166,0.081309263381221,2.26628895184136,1,
2008,0.044,0,0.0757066126524056,0.143598004918608,0.0151155794651166,0.081309263381221,2.26628895184136,1,
2008,0.045,0,0.0757066126524056,0.143598004918608,0.0151155794651166,0.081309263381221,2.26628895184136,1,
2008,0.046,0,0.0757066126524056,0.143598004918608,0.0151155794651166,0.081309263381221,2.26628895184136,1,
2008,0.047,0,0.0757066126524056,0.143598004918608,0.0151155794651166,0.081309263381221,2.26628895184136,1,
2008,0.048,0,0.0757066126524056,0.143598004918608,0.0151155794651166,0.081309263381221,2.26628895184136,1,
2008,0.049,0,0.0757066126524056,0.143598004918608,0.0151155794651166,0.081309263381221,2.26628895184136,1,
2008,0.05,0,0.0757066126524056,0.143598004918608,0.0151155794651166,0.081309263381221,2.26628895184136,1,
2008,0.051,0,0.0757066126524056,0.143598004918608,0.0151155794651166,0.081309263381221,2.26628895184136,1,
2008,0.052,0,0.0757066126524056,0.143598004918608,0.0151155794651166,0.081309263381221,2.26628895184136,1,
2008,0.053,0,0.0757066126524056,0.143598004918608,0.0151155794651166,0.081309263381221,2.26628895184136,1,
2008,0.054,0,0.0757066126524056,0.143598004918608,0.0151155794651166,0.081309263381221,2.26628895184136,1,
2008,0.055,0,0.0757066126524056,0.143598004918608,0.0151155794651166,0.081309263381221,2.26628895184136,1,
2008,0.056,0,0.0757066126524056,0.143598004918608,0.0151155794651166,0.081309263381221,2.26628895184136,1,
2008,0.057,0,0.0757066126524056,0.143598004918608,0.0151155794651166,0.081309263381221,2.26628895184136,1,
2008,0.058,0,0.0757066126524056,0.143598004918608,0.0151155794651166,0.081309263381221,2.26628895184136,1,
2008,0.059,0,0.0757066126524056,0.143598004918608,0.0151155794651166,0.081309263381221,2.26628895184136,1,
2008,0.06,0,0.0757066126524056,0.143598004918608,0.0151155794651166,0.081309263381221,2.26628895184136,1,
2008,0.061,0,0.0757066126524056,0.143598004918608,0.0151155794651166,0.081309263381221,2.26628895184136,1,
2008,0.062,0,0.0757066126524056,0.143598004918608,0.0151155794651166,0.081309263381221,2.26628895184136,1,
2008,0.063,0,0.0757066126524056,0.143598004918608,0.0151155794651166,0.081309263381221,2.26628895184136,1,
2008,0.064,0,0.0757066126524056,0.143598004918608,0.0151155794651166,0.081309263381221,2.26628895184136,1,
2008,0.065,0,0.0757066126524056,0.143598004918608,0.0151155794651166,0.081309263381221,2.26628895184136,1,
2008,0.066,0,0.0757066126524056,0.143598004918608,0.0151155794651166,0.081309263381221,2.26628895184136,1,
2008,0.067,0,0.0757066126524056,0.143598004918608,0.0151155794651166,0.081309263381221,2.26628895184136,1,
2008,0.068,0,0.117373279319072,0.210822813262668,0.0221918750802808,0.124187292409642,1.96506550218341,1,
2008,0.069,0,0.117373279319072,0.210822813262668,0.0221918750802808,0.124187292409642,1.96506550218341,1,
2008,0.07,0,0.117373279319072,0.210822813262668,0.0221918750802808,0.124187292409642,1.96506550218341,1,
2008,0.071,0,0.117373279319072,0.210822813262668,0.0221918750802808,0.124187292409642,1.96506550218341,1,
2008,0.072,0,0.117373279319072,0.210822813262668,0.0221918750802808,0.124187292409642,1.96506550218341,1,
2008,0.073,0,0.117373279319072,0.210822813262668,0.0221918750802808,0.124187292409642,1.96506550218341,1,
2008,0.074,0,0.117373279319072,0.210822813262668,0.0221918750802808,0.124187292409642,1.96506550218341,1,
2008,0.075,0,0.117373279319072,0.210822813262668,0.0221918750802808,0.124187292409642,1.96506550218341,1,
2008,0.076,0,0.117373279319072,0.210822813262668,0.0221918750802808,0.124187292409642,1.96506550218341,1,
2008,0.077,0,0.117373279319072,0.210822813262668,0.0221918750802808,0.124187292409642,1.96506550218341,1,
2008,0.078,0,0.117373279319072,0.210822813262668,0.0221918750802808,0.124187292409642,1.96506550218341,1,
2008,0.079,0,0.117373279319072,0.210822813262668,0.0221918750802808,0.124187292409642,1.96506550218341,1,
2008,0.08,0,0.117373279319072,0.210822813262668,0.0221918750802808,0.124187292409642,1.96506550218341,1,
2008,0.081,0,0.117373279319072,0.210822813262668,0.0221918750802808,0.124187292409642,1.96506550218341,1,
2008,0.082,0,0.117373279319072,0.210822813262668,0.0221918750802808,0.124187292409642,1.96506550218341,1,
2008,0.083,0,0.117373279319072,0.210822813262668,0.0221918750802808,0.124187292409642,1.96506550218341,1,
2008,0.084,0,0.117373279319072,0.210822813262668,0.0221918750802808,0.124187292409642,1.96506550218341,1,
2008,0.085,0,0.117373279319072,0.210822813262668,0.0221918750802808,0.124187292409642,1.96506550218341,1,
2008,0.086,0,0.117373279319072,0.210822813262668,0.0221918750802808,0.124187292409642,1.96506550218341,1,
2008,0.087,0,0.117373279319072,0.210822813262668,0.0221918750802808,0.124187292409642,1.96506550218341,1,
2008,0.088,0,0.117373279319072,0.210822813262668,0.0221918750802808,0.124187292409642,1.96506550218341,1,
2008,0.089,0,0.117373279319072,0.210822813262668,0.0221918750802808,0.124187292409642,1.96506550218341,1,
2008,0.09,0,0.117373279319072,0.210822813262668,0.0221918750802808,0.124187292409642,1.96506550218341,1,
2008,0.091,0,0.117373279319072,0.210822813262668,0.0221918750802808,0.124187292409642,1.96506550218341,1,
2008,0.092,0,0.117373279319072,0.210822813262668,0.0221918750802808,0.124187292409642,1.96506550218341,1,
2008,0.093,0,0.117373279319072,0.210822813262668,0.0221918750802808,0.124187292409642,1.96506550218341,1,
2008,0.094,0,0.117373279319072,0.210822813262668,0.0221918750802808,0.124187292409642,1.96506550218341,1,
2008,0.095,0,0.117373279319072,0.210822813262668,0.0221918750802808,0.124187292409642,1.96506550218341,1,
2008,0.096,0,0.117373279319072,0.210822813262668,0.0221918750802808,0.124187292409642,1.96506550218341,1,
2008,0.097,0,0.117373279319072,0.210822813262668,0.0221918750802808,0.124187292409642,1.96506550218341,1,
2008,0.098,0,0.117373279319072,0.210822813262668,0.0221918750802808,0.124187292409642,1.96506550218341,1,
2008,0.099,0,0.117373279319072,0.210822813262668,0.0221918750802808,0.124187292409642,1.96506550218341,1,
2011,0,0,0.0030872154069667,0.0105317448682973,0.00162026844127651,0.00472626573734554,3.1386224934612,0.875825376650754,
2011,0.001,0,0.0030872154069667,0.0105317448682973,0.00162026844127651,0.00472626573734554,3.1386224934612,0.875825376650754,
2011,0.002,0,0.0030872154069667,0.0105317448682973,0.00162026844127651,0.00472626573734554,3.1386224934612,0.875825376650754,
2011,0.003,0,0.0030872154069667,0.0105317448682973,0.00162026844127651,0.00472626573734554,3.1386224934612,0.875825376650754,
2011,0.004,0,0.0030872154069667,0.0105317448682973,0.00162026844127651,0.00472626573734554,3.1386224934612,0.875825376650754,
2011,0.005,0,0.0030872154069667,0.0105317448682973,0.00162026844127651,0.00472626573734554,3.1386224934612,0.875825376650754,
2011,0.006,0,0.0101923129638436,0.015777862794664,0.00242736350687138,0.00903032303560143,3.06252658443216,0.916105547657361,
2011,0.007,0,0.0101923129638436,0.0217860041547037,0.00335169294687749,0.0115315323975741,3.02013422818792,0.904761904761905,
2011,0.008,0,0.0101923129638436,0.0217860041547037,0.00335169294687749,0.0115315323975741,3.02013422818792,0.904761904761905,
2011,0.009,0,0.0101923129638436,0.0217860041547037,0.00335169294687749,0.0115315323975741,3.02013422818792,0.904761904761905,
2011,0.01,0,0.0101923129638436,0.0217860041547037,0.00335169294687749,0.0115315323975741,3.02013422818792,0.904761904761905,
2011,0.011,0,0.0185256462971769,0.0362269068910159,0.00557337029092552,0.0194512279316462,2.93279022403259,0.8984375,
2011,0.012,0,0.0185256462971769,0.0362269068910159,0.00557337029092552,0.0194512279316462,2.93279022403259,0.8984375,
2011,0.013,0,0.0185256462971769,0.0362269068910159,0.00557337029092552,0.0194512279316462,2.93279022403259,0.8984375,
2011,0.014,0,0.0185256462971769,0.0362269068910159,0.00557337029092552,0.0194512279316462,2.93279022403259,0.8984375,
2011,0.015,0,0.0268589796305103,0.0505207681553759,0.00777242587005784,0.0277907059207447,2.82685512367491,0.871111111111111,
2011,0.016,0,0.0268589796305103,0.0505207681553759,0.00777242587005784,0.0277907059207447,2.82685512367491,0.871111111111111,
2011,0.017,0,0.0268589796305103,0.0505207681553759,0.00777242587005784,0.0277907059207447,2.82685512367491,0.871111111111111,
2011,0.018,0,0.0268589796305103,0.0505207681553759,0.00777242587005784,0.0277907059207447,2.82685512367491,0.871111111111111,
2011,0.019,0,0.0268589796305103,0.0505207681553759,0.00777242587005784,0.0277907059207447,2.82685512367491,0.871111111111111,
2011,0.02,0,0.0268589796305103,0.0505207681553759,0.00777242587005784,0.0277907059207447,2.82685512367491,0.871111111111111,
2011,0.021,0,0.0268589796305103,0.0505207681553759,0.00777242587005784,0.0277907059207447,2.82685512367491,0.871111111111111,
2011,0.022,0,0.0268589796305103,0.0505207681553759,0.00777242587005784,0.0277907059207447,2.82685512367491,0.871111111111111,
2011,0.023,0,0.0268589796305103,0.0505207681553759,0.00777242587005784,0.0277907059207447,2.82685512367491,0.871111111111111,
2011,0.024,0,0.0268589796305103,0.0505207681553759,0.00777242587005784,0.0277907059207447,2.82685512367491,0.871111111111111,
2011,0.025,0,0.0268589796305103,0.0505207681553759,0.00777242587005784,0.0277907059207447,2.82685512367491,0.871111111111111,
2011,0.026,0,0.0268589796305103,0.0505207681553759,0.00777242587005784,0.0277907059207447,2.82685512367491,0.871111111111111,
2011,0.027,0,0.0351923129638436,0.0755207681553759,0.0116185797162117,0.039949675378134,2.72006044578768,1,
2011,0.028,0,0.0351923129638436,0.0755207681553759,0.0116185797162117,0.039949675378134,2.72006044578768,1,
2011,0.029,0,0.0351923129638436,0.0755207681553759,0.0116185797162117,0.039949675378134,2.72006044578768,1,
2011,0.03,0,0.0351923129638436,0.0755207681553759,0.0116185797162117,0.039949675378134,2.72006044578768,1,
2011,0.031,0,0.0351923129638436,0.0755207681553759,0.0116185797162117,0.039949675378134,2.72006044578768,1,
2011,0.032,0,0.0351923129638436,0.0755207681553759,0.0116185797162117,0.039949675378134,2.72006044578768,1,
2011,0.033,0,0.0351923129638436,0.0755207681553759,0.0116185797162117,0.039949675378134,2.72006044578768,1,
2011,0.034,0,0.0351923129638436,0.0755207681553759,0.0116185797162117,0.039949675378134,2.72006044578768,1,
2011,0.035,0,0.0351923129638436,0.0755207681553759,0.0116185797162117,0.039949675378134,2.72006044578768,1,
2011,0.036,0,0.0351923129638436,0.0755207681553759,0.0116185797162117,0.039949675378134,2.72006044578768,1,
2011,0.037,0,0.0351923129638436,0.0755207681553759,0.0116185797162117,0.039949675378134,2.72006044578768,1,
2011,0.038,0,0.0351923129638436,0.0755207681553759,0.0116185797162117,0.039949675378134,2.72006044578768,1,
2011,0.039,0,0.0351923129638436,0.0755207681553759,0.0116185797162117,0.039949675378134,2.72006044578768,1,
2011,0.04,0,0.0351923129638436,0.0755207681553759,0.0116185797162117,0.039949675378134,2.72006044578768,1,
2011,0.041,0,0.0351923129638436,0.0755207681553759,0.0116185797162117,0.039949675378134,2.72006044578768,1,
2011,0.042,0,0.0351923129638436,0.0755207681553759,0.0116185797162117,0.039949675378134,2.72006044578768,1,
2011,0.043,0,0.0351923129638436,0.0755207681553759,0.0116185797162117,0.039949675378134,2.72006044578768,1,
2011,0.044,0,0.0351923129638436,0.0755207681553759,0.0116185797162117,0.039949675378134,2.72006044578768,1,
2011,0.045,0,0.0351923129638436,0.0755207681553759,0.0116185797162117,0.039949675378134,2.72006044578768,1,
2011,0.046,0,0.0351923129638436,0.0755207681553759,0.0116185797162117,0.039949675378134,2.72006044578768,1,
2011,0.047,0,0.0351923129638436,0.0755207681553759,0.0116185797162117,0.039949675378134,2.72006044578768,1,
2011,0.048,0,0.0351923129638436,0.0755207681553759,0.0116185797162117,0.039949675378134,2.72006044578768,1,
2011,0.049,0,0.0351923129638436,0.0755207681553759,0.0116185797162117,0.039949675378134,2.72006044578768,1,
2011,0.05,0,0.0351923129638436,0.0755207681553759,0.0116185797162117,0.039949675378134,2.72006044578768,1,
2011,0.051,0,0.0351923129638436,0.0755207681553759,0.0116185797162117,0.039949675378134,2.72006044578768,1,
2011,0.052,0,0.0351923129638436,0.0755207681553759,0.0116185797162117,0.039949675378134,2.72006044578768,1,
2011,0.053,0,0.0351923129638436,0.0755207681553759,0.0116185797162117,0.039949675378134,2.72006044578768,1,
2011,0.054,0,0.0351923129638436,0.0755207681553759,0.0116185797162117,0.039949675378134,2.72006044578768,1,
2011,0.055,0,0.0351923129638436,0.0755207681553759,0.0116185797162117,0.039949675378134,2.72006044578768,1,
2011,0.056,0,0.0351923129638436,0.0755207681553759,0.0116185797162117,0.039949675378134,2.72006044578768,1,
2011,0.057,0,0.0351923129638436,0.0755207681553759,0.0116185797162117,0.039949675378134,2.72006044578768,1,
2011,0.058,0,0.0351923129638436,0.0755207681553759,0.0116185797162117,0.039949675378134,2.72006044578768,1,
2011,0.059,0,0.0351923129638436,0.0755207681553759,0.0116185797162117,0.039949675378134,2.72006044578768,1,
2011,0.06,0,0.0351923129638436,0.0755207681553759,0.0116185797162117,0.039949675378134,2.72006044578768,1,
2011,0.061,0,0.0351923129638436,0.0755207681553759,0.0116185797162117,0.039949675378134,2.72006044578768,1,
2011,0.062,0,0.0351923129638436,0.0755207681553759,0.0116185797162117,0.039949675378134,2.72006044578768,1,
2011,0.063,0,0.0351923129638436,0.0755207681553759,0.0116185797162117,0.039949675378134,2.72006044578768,1,
2011,0.064,0,0.0351923129638436,0.0755207681553759,0.0116185797162117,0.039949675378134,2.72006044578768,1,
2011,0.065,0,0.0351923129638436,0.0755207681553759,0.0116185797162117,0.039949675378134,2.72006044578768,1,
2011,0.066,0,0.0768589796305103,0.141463281643861,0.0217635817913633,0.084206713623935,2.3598820058997,1,
2011,0.067,0,0.0768589796305103,0.141463281643861,0.0217635817913633,0.084206713623935,2.3598820058997,1,
2011,0.068,0,0.0768589796305103,0.141463281643861,0.0217635817913633,0.084206713623935,2.3598820058997,1,
2011,0.069,0,0.0768589796305103,0.141463281643861,0.0217635817913633,0.084206713623935,2.3598820058997,1,
2011,0.07,0,0.0768589796305103,0.141463281643861,0.0217635817913633,0.084206713623935,2.3598820058997,1,
2011,0.071,0,0.0768589796305103,0.141463281643861,0.0217635817913633,0.084206713623935,2.3598820058997,1,
2011,0.072,0,0.0768589796305103,0.141463281643861,0.0217635817913633,0.084206713623935,2.3598820058997,1,
2011,0.073,0,0.0768589796305103,0.141463281643861,0.0217635817913633,0.084206713623935,2.3598820058997,1,
2011,0.074,0,0.0768589796305103,0.141463281643861,0.0217635817913633,0.084206713623935,2.3598820058997,1,
2011,0.075,0,0.0768589796305103,0.141463281643861,0.0217635817913633,0.084206713623935,2.3598820058997,1,
2011,0.076,0,0.0768589796305103,0.141463281643861,0.0217635817913633,0.084206713623935,2.3598820058997,1,
2011,0.077,0,0.0768589796305103,0.141463281643861,0.0217635817913633,0.084206713623935,2.3598820058997,1,
2011,0.078,0,0.0768589796305103,0.141463281643861,0.0217635817913633,0.084206713623935,2.3598820058997,1,
2011,0.079,0,0.0768589796305103,0.141463281643861,0.0217635817913633,0.084206713623935,2.3598820058997,1,
2011,0.08,0,0.0768589796305103,0.141463281643861,0.0217635817913633,0.084206713623935,2.3598820058997,1,
2011,0.081,0,0.0768589796305103,0.141463281643861,0.0217635817913633,0.084206713623935,2.3598820058997,1,
2011,0.082,0,0.0768589796305103,0.141463281643861,0.0217635817913633,0.084206713623935,2.3598820058997,1,
2011,0.083,0,0.0768589796305103,0.141463281643861,0.0217635817913633,0.084206713623935,2.3598820058997,1,
2011,0.084,0,0.0768589796305103,0.141463281643861,0.0217635817913633,0.084206713623935,2.3598820058997,1,
2011,0.085,0,0.0768589796305103,0.141463281643861,0.0217635817913633,0.084206713623935,2.3598820058997,1,
2011,0.086,0,0.0768589796305103,0.141463281643861,0.0217635817913633,0.084206713623935,2.3598820058997,1,
2011,0.087,0,0.0768589796305103,0.141463281643861,0.0217635817913633,0.084206713623935,2.3598820058997,1,
2011,0.088,0,0.0768589796305103,0.141463281643861,0.0217635817913633,0.084206713623935,2.3598820058997,1,
2011,0.089,0,0.0768589796305103,0.141463281643861,0.0217635817913633,0.084206713623935,2.3598820058997,1,
2011,0.09,0,0.0768589796305103,0.141463281643861,0.0217635817913633,0.084206713623935,2.3598820058997,1,
2011,0.091,0,0.0768589796305103,0.141463281643861,0.0217635817913633,0.084206713623935,2.3598820058997,1,
2011,0.092,0,0.0768589796305103,0.141463281643861,0.0217635817913633,0.084206713623935,2.3598820058997,1,
2011,0.093,0,0.0768589796305103,0.141463281643861,0.0217635817913633,0.084206713623935,2.3598820058997,1,
2011,0.094,0,0.0768589796305103,0.141463281643861,0.0217635817913633,0.084206713623935,2.3598820058997,1,
2011,0.095,0,0.0768589796305103,0.141463281643861,0.0217635817913633,0.084206713623935,2.3598820058997,1,
2011,0.096,0,0.0768589796305103,0.141463281643861,0.0217635817913633,0.084206713623935,2.3598820058997,1,
2011,0.097,0,0.0768589796305103,0.141463281643861,0.0217635817913633,0.084206713623935,2.3598820058997,1,
2011,0.098,0,0.0768589796305103,0.141463281643861,0.0217635817913633,0.084206713623935,2.3598820058997,1,
2011,0.099,0,0.0768589796305103,0.141463281643861,0.0217635817913633,0.084206713623935,2.3598820058997,1,
