wpe,lijphart,loosemorehanby,raes,gallagher,enp,governability,entropy,alpha
1,0.049861833,0.107323333,0.026830833,0.06188277,7.531380753,0.137142857,-2.026399534,10
1,0.0328235,0.090867333,0.022716833,0.062604603,7.51565762,0.141938776,-1.962343242,10
1,0.042248167,0.107814333,0.026953583,0.062785867,7.523510972,0.136326531,-2.031873877,10
1,0.033313167,0.091903833,0.022975958,0.054634892,7.635206787,0.136938776,-2.026603146,10
1,0.032735333,0.0734475,0.018361875,0.041892602,7.77537797,0.137040816,-2.029049278,10
1,0.0750815,0.1415275,0.035381875,0.081117111,7.236180905,0.143163265,-2.01065102,10
1,0.040520333,0.074279167,0.018569792,0.04859583,7.700534759,0.137244898,-2.02782478,10
1,0.057865,0.13263,0.0331575,0.073993684,7.346938776,0.143707483,-2.00735964,10
1,0.033578667,0.091283667,0.022820917,0.049096892,7.700534759,0.136632653,-2.031628076,10
1,0.025106667,0.066262833,0.016565708,0.038791848,7.809110629,0.136632653,-2.030822084,10
1,0.049458,0.131822,0.0329555,0.07111999,7.392197125,0.137142857,-2.02431598,10
1,0.040913333,0.1080125,0.027003125,0.060744464,7.547169811,0.13744898,-2.024567075,10
1,0.032845667,0.06596,0.01649,0.039230753,7.800650054,0.136734694,-2.033079834,10
1,0.049770833,0.116295,0.02907375,0.065921684,7.476635514,0.13744898,-2.031324195,10
1,0.0243865,0.025583167,0.006395792,0.021805355,7.938257993,0.139285714,-2.030494205,10
1,0.041471833,0.107457833,0.026864458,0.056059674,7.610993658,0.136938776,-2.032640433,10
1,0.025207167,0.059338333,0.014834583,0.035704789,7.843137255,0.137040816,-2.029454293,10
1,0.065792167,0.132344,0.033086,0.082427123,7.207207207,0.139965986,-2.015011685,10
1,0.0414095,0.083186333,0.020796583,0.049568228,7.692307692,0.136632653,-2.03239239,10
1,0.058286333,0.141297167,0.035324292,0.079380093,7.265388496,0.143707483,-2.005668091,10
1,0.049535167,0.057809,0.01445225,0.040428341,7.792207792,0.142857143,-2.021767756,10
1,0.058406333,0.074871667,0.018717917,0.051264875,7.675906183,0.139897959,-2.029232923,10
1,0.048975667,0.090484,0.022621,0.060324011,7.547169811,0.138265306,-2.018261879,10
1,0.025198,0.0682135,0.017053375,0.039694749,7.809110629,0.136836735,-2.028428061,10
1,0.083037833,0.158238333,0.039559583,0.091707326,7.045009785,0.145759637,-1.998812459,10
1,0.059240167,0.100769,0.02519225,0.062926941,7.531380753,0.137142857,-2.029402865,10
1,0.040992167,0.091300833,0.022825208,0.058281802,7.586933614,0.137755102,-2.017429069,10
1,0.058392333,0.091638833,0.022909708,0.059945579,7.56302521,0.13744898,-2.030609021,10
1,0.050455167,0.100295333,0.025073833,0.060247604,7.56302521,0.137040816,-2.030753805,10
1,0.0330485,0.0908185,0.022704625,0.053510397,7.643312102,0.13755102,-2.02167047,10
2,0.016977,0.056172333,0.014043083,0.035924122,7.826086957,0.139387755,-1.99618244,10
2,0.031838667,0.073344,0.018336,0.045239602,7.733619764,0.137142857,-2.024777281,10
2,0.031744667,0.105066333,0.026266583,0.056978725,7.586933614,0.13877551,-2.019555118,10
2,0.057715333,0.106177667,0.026544417,0.067667062,7.438016529,0.137959184,-2.02011918,10
2,0.040554667,0.099209667,0.024802417,0.054493907,7.627118644,0.137040816,-2.029577376,10
2,0.034024667,0.067550333,0.016887583,0.037459908,7.826086957,0.136938776,-2.034168277,10
2,0.058483,0.099785,0.02494625,0.063621388,7.507820647,0.13744898,-2.02924042,10
2,0.074594,0.165321333,0.041330333,0.091303227,7.045009785,0.148015873,-1.98943217,10
2,0.033031333,0.099641667,0.024910417,0.055593865,7.619047619,0.137653061,-2.025222041,10
2,0.090563333,0.114204333,0.028551083,0.078136441,7.265388496,0.14122449,-2.026054252,10
2,0.05839,0.115971333,0.028992833,0.077610136,7.287449393,0.13877551,-2.014398744,10
2,0.033815,0.107143,0.02678575,0.063611285,7.507820647,0.13755102,-2.023443591,10
2,0.050083667,0.115921667,0.028980417,0.066895252,7.461139896,0.137040816,-2.031206011,10
2,0.024858333,0.067198667,0.016799667,0.038227079,7.817589577,0.137346939,-2.024155278,10
2,0.049422333,0.122336333,0.030584083,0.066895899,7.445708376,0.140952381,-2.017678525,10
2,0.050632,0.099373333,0.024843333,0.061170943,7.547169811,0.137857143,-2.021548543,10
2,0.033036667,0.066454667,0.016613667,0.045342327,7.741935484,0.138979592,-2.001639751,10
2,0.025822333,0.042230333,0.010557583,0.030858816,7.877461707,0.137857143,-2.012143092,10
2,0.033800667,0.082803667,0.020700917,0.047633076,7.717041801,0.137040816,-2.028728433,10
2,0.033372667,0.07409,0.0185225,0.045149813,7.741935484,0.137040816,-2.026933659,10
2,0.017900333,0.058209333,0.014552333,0.031374388,7.877461707,0.138265306,-2.02190131,10
2,0.040351,0.090389,0.02259725,0.054235973,7.627118644,0.136938776,-2.030744888,10
2,0.023538,0.05602,0.014005,0.030868465,7.868852459,0.136632653,-2.031122385,10
2,0.056004,0.122589,0.03064725,0.069489386,7.39979445,0.137040816,-2.030753805,10
2,0.04963,0.106295,0.02657375,0.062676056,7.51565762,0.136938776,-2.031675682,10
2,0.048943333,0.089732,0.022433,0.053387194,7.635206787,0.136632653,-2.033890753,10
2,0.033187667,0.082799,0.02069975,0.048884491,7.700534759,0.137857143,-2.018811634,10
2,0.065889,0.091003333,0.022750833,0.058883653,7.570977918,0.139489796,-2.029756146,10
2,0.024433,0.058282333,0.014570583,0.036090903,7.834602829,0.136938776,-2.026516619,10
2,0.058519667,0.124923667,0.031230917,0.069163887,7.430340557,0.137040816,-2.032026034,10
3,0.041264667,0.082401333,0.020600333,0.052268996,7.651434644,0.13744898,-2.02254574,10
3,0.031831833,0.058077333,0.014519333,0.039338148,7.800650054,0.13755102,-2.028345778,10
3,0.056411333,0.088372667,0.022093167,0.055238733,7.602956705,0.13877551,-2.028712799,10
3,0.039909667,0.105514333,0.026378583,0.056400037,7.594936709,0.137142857,-2.031897615,10
3,0.040612167,0.122112,0.030528,0.069053175,7.407407407,0.137346939,-2.024155278,10
3,0.041552667,0.0999975,0.024999375,0.06484572,7.484407484,0.137959184,-2.01443528,10
3,0.056711333,0.099411,0.02485275,0.059849674,7.555089192,0.137653061,-2.032004146,10
3,0.032860333,0.081325833,0.020331458,0.046031932,7.725321888,0.136632653,-2.033253826,10
3,0.033751833,0.066616167,0.016654042,0.039995999,7.800650054,0.137040816,-2.031494175,10
3,0.016010667,0.033563333,0.008390833,0.023121508,7.929515419,0.137857143,-2.012143092,10
3,0.033730833,0.090445667,0.022611417,0.058184509,7.578947368,0.139897959,-1.989864764,10
3,0.0487255,0.081036833,0.020259208,0.056217026,7.594936709,0.13755102,-2.020152054,10
3,0.065295667,0.097928,0.024482,0.068001867,7.422680412,0.137040816,-2.028644235,10
3,0.0233415,0.040369667,0.010092417,0.023839499,7.920792079,0.137653061,-2.032734601,10
3,0.065467667,0.123311,0.03082775,0.072061253,7.369498465,0.13755102,-2.030353538,10
3,0.024302,0.034058333,0.008514583,0.02476093,7.920792079,0.138673469,-2.027696962,10
3,0.023808,0.058862833,0.014715708,0.038724875,7.809110629,0.138571429,-2.006593022,10
3,0.025381,0.064439167,0.016109792,0.039057532,7.800650054,0.137959184,-2.014254817,10
3,0.034133333,0.066475667,0.016618917,0.038454761,7.817589577,0.137040816,-2.032075652,10
3,0.0742355,0.139250167,0.034812542,0.079851045,7.236180905,0.143673469,-2.006779986,10
3,0.040862667,0.064717667,0.016179417,0.038872031,7.800650054,0.137959184,-2.031916422,10
3,0.033905833,0.067890667,0.016972667,0.040356784,7.800650054,0.136734694,-2.033079834,10
3,0.0249745,0.073173,0.01829325,0.040607721,7.783783784,0.13755102,-2.030200121,10
3,0.064240667,0.1194655,0.029866375,0.070379481,7.369498465,0.137040816,-2.032199914,10
3,0.040419167,0.073965,0.01849125,0.048380571,7.700534759,0.137244898,-2.02782478,10
3,0.032449833,0.056191833,0.014047958,0.036139578,7.826086957,0.137040816,-2.031978206,10
3,0.032643333,0.089156167,0.022289042,0.050149596,7.675906183,0.137142857,-2.03187674,10
3,0.040296667,0.121841,0.03046025,0.066893137,7.438016529,0.137959184,-2.023311246,10
3,0.0250375,0.066656667,0.016664167,0.039389698,7.800650054,0.136734694,-2.028758271,10
3,0.040288167,0.0968305,0.024207625,0.058888597,7.555089192,0.13755102,-2.021878706,10
4,0.025378667,0.073818667,0.018454667,0.040435713,7.792207792,0.136938776,-2.026603146,10
4,0.016669333,0.04906,0.012265,0.034679132,7.843137255,0.141122449,-1.973554886,10
4,0.024605333,0.050133333,0.012533333,0.030915095,7.877461707,0.136734694,-2.03070316,10
4,0.042330667,0.075303333,0.018825833,0.047834858,7.717041801,0.13744898,-2.026086044,10
4,0.017564667,0.04294,0.010735,0.025459734,7.920792079,0.136632653,-2.031711402,10
4,0.03385,0.067472667,0.016868167,0.039234202,7.809110629,0.136836735,-2.032503036,10
4,0.016332,0.040334,0.0100835,0.02398829,7.920792079,0.137653061,-2.017402474,10
4,0.025583333,0.080295333,0.020073833,0.051225424,7.659574468,0.140408163,-1.982615695,10
4,0.04776,0.097776,0.024444,0.054223529,7.619047619,0.137653061,-2.031754164,10
4,0.032388667,0.063975333,0.015993833,0.039743689,7.792207792,0.137142857,-2.02808234,10
4,0.024712,0.072492,0.018123,0.038799387,7.800650054,0.136632653,-2.031711402,10
4,0.024944,0.081256,0.020314,0.047260184,7.708779443,0.137653061,-2.017402474,10
4,0.05518,0.106086,0.0265215,0.064804178,7.461139896,0.13755102,-2.030353538,10
4,0.025350667,0.055683333,0.013920833,0.03130334,7.868852459,0.136632653,-2.031122385,10
4,0.033087333,0.058552,0.014638,0.036720077,7.826086957,0.137346939,-2.027831196,10
4,0.024906,0.088404667,0.022101167,0.04957516,7.675906183,0.13877551,-2.008491194,10
4,0.025351333,0.082996667,0.020749167,0.046243987,7.733619764,0.137857143,-2.024026727,10
4,0.031813333,0.062722,0.0156805,0.035377678,7.826086957,0.137142857,-2.033345881,10
4,0.032000667,0.088966667,0.022241667,0.046847266,7.708779443,0.136938776,-2.031707421,10
4,0.031193333,0.08114,0.020285,0.045552379,7.725321888,0.13744898,-2.023919685,10
4,0.031999333,0.063413333,0.015853333,0.035563907,7.826086957,0.137346939,-2.031645842,10
4,0.048950667,0.073510667,0.018377667,0.051328898,7.659574468,0.13755102,-2.031173353,10
4,0.032842,0.081333333,0.020333333,0.052862473,7.635206787,0.139897959,-1.989828915,10
4,0.016540667,0.041512,0.010378,0.028207187,7.894736842,0.140408163,-1.982615695,10
4,0.031815333,0.063722667,0.015930667,0.041926349,7.75862069,0.137755102,-2.019883987,10
4,0.024372,0.066012,0.016503,0.036767846,7.826086957,0.137142857,-2.03187674,10
4,0.024512,0.09018,0.022545,0.055326017,7.610993658,0.136632653,-2.027485328,10
4,0.032422667,0.072094,0.0180235,0.04587831,7.717041801,0.137142857,-2.029179995,10
4,0.047604,0.097964,0.024491,0.062590426,7.5,0.137857143,-2.028317019,10
4,0.040328667,0.065193333,0.016298333,0.047646054,7.700534759,0.13755102,-2.020354614,10
1,0.057078167,0.123313167,0.030828292,0.071445018,7.37704918,0.137040816,-2.029935565,20
1,0.041842333,0.092421667,0.023105417,0.052880555,7.659574468,0.136632653,-2.03359811,20
1,0.058375833,0.075666667,0.018916667,0.050851318,7.684098186,0.140408163,-2.028321794,20
1,0.033584167,0.065707,0.01642675,0.038058409,7.817589577,0.13744898,-2.03034198,20
1,0.016733,0.066726833,0.016681708,0.03632969,7.834602829,0.13755102,-2.024754938,20
1,0.049415667,0.149026333,0.037256583,0.076886624,7.302231237,0.139285714,-2.020719423,20
1,0.0669225,0.082915833,0.020728958,0.062740101,7.523510972,0.13877551,-2.028712799,20
1,0.057458,0.116454,0.0291135,0.072140694,7.37704918,0.13755102,-2.024913465,20
1,0.033776333,0.059774833,0.014943708,0.040356557,7.800650054,0.13755102,-2.028345778,20
1,0.049099,0.090363,0.02259075,0.058031518,7.578947368,0.137142857,-2.028007478,20
1,0.034091333,0.082525333,0.020631333,0.046111743,7.733619764,0.13744898,-2.026856228,20
1,0.041509333,0.091163,0.02279075,0.055333968,7.627118644,0.136938776,-2.030744888,20
1,0.041983833,0.107273167,0.026818292,0.057833267,7.586933614,0.138265306,-2.028260768,20
1,0.0336405,0.0916355,0.022908875,0.054244235,7.643312102,0.137040816,-2.025849585,20
1,0.025150833,0.082373667,0.020593417,0.04505504,7.741935484,0.138265306,-2.02190131,20
1,0.041208167,0.066222667,0.016555667,0.039663084,7.800650054,0.13877551,-2.029756767,20
1,0.041867,0.057668,0.014417,0.038203908,7.817589577,0.138979592,-2.030740376,20
1,0.0323875,0.084185,0.02104625,0.04867948,7.708779443,0.136632653,-2.031628076,20
1,0.082978,0.108432,0.027108,0.072776739,7.369498465,0.14,-2.028722284,20
1,0.058897333,0.165615833,0.041403958,0.091359625,7.045009785,0.147743764,-1.980656599,20
1,0.057924667,0.115866167,0.028966542,0.066068214,7.468879668,0.137346939,-2.031961722,20
1,0.058470167,0.082261667,0.020565417,0.051911697,7.667731629,0.139897959,-2.029169004,20
1,0.050469333,0.0915065,0.022876625,0.058121485,7.586933614,0.137244898,-2.02782478,20
1,0.032344167,0.081978833,0.020494708,0.046825128,7.717041801,0.137040816,-2.028728433,20
1,0.0588415,0.092631667,0.023157917,0.058155167,7.594936709,0.137959184,-2.031948274,20
1,0.025434667,0.058611,0.01465275,0.039732189,7.800650054,0.138673469,-2.00949178,20
1,0.0332775,0.091489667,0.022872417,0.047725307,7.717041801,0.136632653,-2.031122385,20
1,0.016959,0.0427475,0.010686875,0.02897624,7.894736842,0.140408163,-1.982615695,20
1,0.058119167,0.1163405,0.029085125,0.067816311,7.445708376,0.137040816,-2.031570468,20
1,0.049912833,0.1160595,0.029014875,0.071442007,7.392197125,0.13744898,-2.023970151,20
2,0.041303,0.099458333,0.024864583,0.061111493,7.547169811,0.13744898,-2.020312538,20
2,0.024865667,0.073389667,0.018347417,0.039268612,7.800650054,0.136632653,-2.031711402,20
2,0.048449,0.057764667,0.014441167,0.040619971,7.783783784,0.142857143,-2.021767756,20
2,0.073045667,0.106447333,0.026611833,0.06857456,7.415036045,0.138979592,-2.030740376,20
2,0.056728667,0.082614333,0.020653583,0.055289028,7.610993658,0.137857143,-2.033340439,20
2,0.022607,0.040839667,0.010209917,0.027577961,7.894736842,0.13755102,-2.024269948,20
2,0.034736333,0.059809333,0.014952333,0.036095742,7.843137255,0.137244898,-2.032517271,20
2,0.064816,0.105694333,0.026423583,0.07107065,7.369498465,0.137653061,-2.023861562,20
2,0.023714667,0.050080333,0.012520083,0.041158847,7.783783784,0.141938776,-1.962343242,20
2,0.032676333,0.072845,0.01821125,0.043764548,7.750269107,0.137653061,-2.022996193,20
2,0.049690667,0.099222333,0.024805583,0.057395475,7.594936709,0.137142857,-2.031067029,20
2,0.032393,0.065479,0.01636975,0.038852979,7.800650054,0.136734694,-2.033079834,20
2,0.040927667,0.088289333,0.022072333,0.052787221,7.635206787,0.136632653,-2.031628076,20
2,0.065125,0.098551667,0.024637917,0.06507178,7.468879668,0.138265306,-2.030013134,20
2,0.017294333,0.058167,0.01454175,0.033953338,7.851690294,0.13755102,-2.019528606,20
2,0.041756667,0.114361333,0.028590333,0.071083365,7.384615385,0.138571429,-2.006593022,20
2,0.041546333,0.108441333,0.027110333,0.060516296,7.555089192,0.137040816,-2.026152093,20
2,0.022655667,0.046667667,0.011666917,0.025825815,7.903402854,0.137346939,-2.031753939,20
2,0.056593,0.130076667,0.032519167,0.071906992,7.36196319,0.137040816,-2.032026034,20
2,0.048883333,0.065246667,0.016311667,0.043699329,7.750269107,0.139897959,-2.029232923,20
2,0.032888,0.048345333,0.012086333,0.034135244,7.843137255,0.137040816,-2.028666353,20
2,0.040511667,0.081236333,0.020309083,0.045995481,7.725321888,0.136632653,-2.034073849,20
2,0.02543,0.074297667,0.018574417,0.043215754,7.75862069,0.136734694,-2.030203811,20
2,0.057258667,0.114697333,0.028674333,0.063524048,7.5,0.137346939,-2.031645842,20
2,0.042192333,0.088844667,0.022211167,0.051938421,7.651434644,0.137653061,-2.017402474,20
2,0.048882667,0.073594667,0.018398667,0.045986674,7.725321888,0.13877551,-2.031697735,20
2,0.023691667,0.079262,0.0198155,0.041663765,7.75862069,0.136020408,-2.034452899,20
2,0.033267333,0.057435667,0.014358917,0.038387896,7.800650054,0.13755102,-2.024269948,20
2,0.056810667,0.073363333,0.018340833,0.050783883,7.667731629,0.139897959,-2.029232923,20
2,0.050049,0.096783667,0.024195917,0.061121975,7.531380753,0.13744898,-2.025270757,20
3,0.056036833,0.0966235,0.024155875,0.060380457,7.531380753,0.13755102,-2.030452339,20
3,0.030611333,0.101523333,0.025380833,0.057165497,7.555089192,0.137346939,-2.024915646,20
3,0.0476175,0.0723255,0.018081375,0.046660462,7.708779443,0.137653061,-2.032004146,20
3,0.032825333,0.057443333,0.014360833,0.03570592,7.826086957,0.137040816,-2.031978206,20
3,0.040492167,0.090892167,0.022723042,0.053364866,7.643312102,0.136938776,-2.029370143,20
3,0.016306667,0.041079667,0.010269917,0.021720421,7.938257993,0.136020408,-2.033667461,20
3,0.0491375,0.114364667,0.028591167,0.06534933,7.468879668,0.136938776,-2.028966173,20
3,0.0236265,0.055706333,0.013926583,0.033071086,7.851690294,0.136734694,-2.030442915,20
3,0.031434333,0.057883333,0.014470833,0.036693956,7.817589577,0.137244898,-2.02782478,20
3,0.025295,0.059058833,0.014764708,0.032813284,7.868852459,0.137346939,-2.025310504,20
3,0.033217333,0.059444333,0.014861083,0.037403678,7.826086957,0.136836735,-2.031323561,20
3,0.056248833,0.113150667,0.028287667,0.065334445,7.453416149,0.13755102,-2.031020474,20
3,0.056736333,0.063829167,0.015957292,0.047097306,7.708779443,0.141938776,-2.024352105,20
3,0.042295167,0.082822333,0.020705583,0.062123698,7.51565762,0.141938776,-1.962343242,20
3,0.024801,0.057559333,0.014389833,0.035892521,7.834602829,0.136938776,-2.026516619,20
3,0.032428333,0.0719195,0.017979875,0.040405449,7.783783784,0.136734694,-2.032675937,20
3,0.024074,0.0737945,0.018448625,0.040546489,7.783783784,0.13755102,-2.024769718,20
3,0.0254325,0.0731875,0.018296875,0.040576471,7.792207792,0.136938776,-2.026603146,20
3,0.032670333,0.081703333,0.020425833,0.046273534,7.725321888,0.137142857,-2.028191498,20
3,0.0255175,0.043344167,0.010836042,0.028623322,7.894736842,0.13755102,-2.028345778,20
3,0.031321333,0.0746135,0.018653375,0.04436962,7.750269107,0.13755102,-2.021321093,20
3,0.033418833,0.066833667,0.016708417,0.037964501,7.817589577,0.137346939,-2.031961722,20
3,0.024784,0.079481833,0.019870458,0.042484994,7.75862069,0.136020408,-2.033263324,20
3,0.054945333,0.128897833,0.032224458,0.068996121,7.392197125,0.145578231,-2.000445661,20
3,0.065002667,0.089271167,0.022317792,0.060535137,7.531380753,0.13877551,-2.030035077,20
3,0.0243925,0.056793833,0.014198458,0.034854687,7.834602829,0.136632653,-2.031711402,20
3,0.033943833,0.090088167,0.022522042,0.055308323,7.610993658,0.13755102,-2.027672163,20
3,0.0260655,0.058959833,0.014739958,0.036541178,7.834602829,0.136938776,-2.026516619,20
3,0.032201333,0.089713667,0.022428417,0.052211605,7.643312102,0.13755102,-2.02167047,20
3,0.024139,0.071614,0.0179035,0.039658968,7.783783784,0.13755102,-2.025903345,20
4,0.02223,0.055216,0.013804,0.037082581,7.809110629,0.13877551,-2.002356129,20
4,0.032311333,0.056902667,0.014225667,0.038475316,7.800650054,0.13755102,-2.024269948,20
4,0.047017333,0.094458,0.0236145,0.053324322,7.610993658,0.137142857,-2.032685356,20
4,0.016987333,0.050312,0.012578,0.034667347,7.843137255,0.141122449,-1.973554886,20
4,0.024089333,0.054824,0.013706,0.034431114,7.834602829,0.137857143,-2.021413923,20
4,0.056456,0.105852,0.026463,0.065644243,7.438016529,0.13744898,-2.027270405,20
4,0.024492667,0.062636667,0.015659167,0.034420939,7.834602829,0.136734694,-2.030802347,20
4,0.023040667,0.057955333,0.014488833,0.03241247,7.860262009,0.136938776,-2.028966173,20
4,0.033089333,0.089484,0.022371,0.049240938,7.692307692,0.137142857,-2.02431598,20
4,0.048316,0.057929333,0.014482333,0.045399778,7.725321888,0.137857143,-2.033340439,20
4,0.039916667,0.096311333,0.024077833,0.06160286,7.5,0.138571429,-2.006593022,20
4,0.017601333,0.058527333,0.014631833,0.040862093,7.792207792,0.142857143,-1.945910149,20
4,0.032122667,0.081474,0.0203685,0.049115765,7.684098186,0.137653061,-2.017805183,20
4,0.033768667,0.071827333,0.017956833,0.046011494,7.717041801,0.138265306,-2.010552508,20
4,0.040460667,0.072213333,0.018053333,0.046240818,7.717041801,0.13744898,-2.026086044,20
4,0.03882,0.056589333,0.014147333,0.038608467,7.792207792,0.137755102,-2.031213804,20
4,0.024012,0.04191,0.0104775,0.025818747,7.912087912,0.136734694,-2.033744851,20
4,0.031629333,0.088628667,0.022157167,0.047227346,7.700534759,0.136734694,-2.030442915,20
4,0.024615333,0.049754667,0.012438667,0.030380587,7.877461707,0.136734694,-2.03070316,20
4,0.039895333,0.073729333,0.018432333,0.043803812,7.750269107,0.13755102,-2.031477064,20
4,0.039238667,0.088354667,0.022088667,0.050166224,7.659574468,0.136734694,-2.032675937,20
4,0.02354,0.063095333,0.015773833,0.035377122,7.826086957,0.137346939,-2.024915646,20
4,0.033039333,0.075284667,0.018821167,0.047428368,7.708779443,0.138265306,-2.010803865,20
4,0.047250667,0.072081333,0.018020333,0.044274433,7.733619764,0.138877551,-2.030275111,20
4,0.048712,0.081311333,0.020327833,0.052763638,7.635206787,0.13744898,-2.026036354,20
4,0.024655333,0.041257333,0.010314333,0.02563578,7.912087912,0.136734694,-2.033744851,20
4,0.030924667,0.054739333,0.013684833,0.037068753,7.800650054,0.13755102,-2.024269948,20
4,0.02478,0.050481333,0.012620333,0.033167333,7.860262009,0.137755102,-2.017670886,20
4,0.063024667,0.117836,0.029459,0.069504799,7.36196319,0.137040816,-2.031542576,20
4,0.033262,0.089608,0.022402,0.050545932,7.667731629,0.136632653,-2.033253826,20
1,0.025348833,0.042299167,0.010574792,0.026432182,7.912087912,0.137040816,-2.033181189,30
1,0.03366,0.100477333,0.025119333,0.058473684,7.586933614,0.137244898,-2.025854403,30
1,0.0666875,0.0920575,0.023014375,0.060045114,7.56302521,0.139387755,-2.030285731,30
1,0.059536,0.1014285,0.025357125,0.065209988,7.5,0.13744898,-2.030658711,30
1,0.016695333,0.042832167,0.010708042,0.024045432,7.929515419,0.136632653,-2.030091042,30
1,0.0404165,0.115368167,0.028842042,0.069804121,7.407407407,0.138673469,-2.006184637,30
1,0.024471,0.064467833,0.016116958,0.038084307,7.809110629,0.136836735,-2.028428061,30
1,0.041481667,0.083655167,0.020913792,0.050187754,7.692307692,0.136836735,-2.031701651,30
1,0.041488833,0.097265667,0.024316417,0.051458045,7.659574468,0.137142857,-2.033345881,30
1,0.048688,0.090283333,0.022570833,0.053009185,7.643312102,0.137040816,-2.032503382,30
1,0.066338667,0.107361667,0.026840417,0.071004533,7.392197125,0.138265306,-2.027145769,30
1,0.025102,0.057256333,0.014314083,0.041888427,7.77537797,0.141122449,-1.973554886,30
1,0.041058667,0.098213667,0.024553417,0.060615538,7.539267016,0.13755102,-2.028345778,30
1,0.041737,0.091967833,0.022991958,0.05922742,7.578947368,0.138163265,-2.013911889,30
1,0.065818167,0.115945833,0.028986458,0.071219988,7.384615385,0.137653061,-2.029007468,30
1,0.041139167,0.090560333,0.022640083,0.054857022,7.619047619,0.137346939,-2.026077203,30
1,0.033440333,0.074688333,0.018672083,0.044861345,7.741935484,0.137040816,-2.026371349,30
1,0.040560667,0.081558,0.0203895,0.047439095,7.708779443,0.136632653,-2.031442114,30
1,0.0416115,0.074480167,0.018620042,0.047688005,7.708779443,0.137040816,-2.031978206,30
1,0.024698,0.0594845,0.014871125,0.032490474,7.868852459,0.136632653,-2.031122385,30
1,0.0493825,0.1242095,0.031052375,0.071903163,7.384615385,0.137653061,-2.022322074,30
1,0.0659295,0.100039,0.02500975,0.061463064,7.539267016,0.139183673,-2.029649919,30
1,0.083117167,0.099344333,0.024836083,0.070279698,7.407407407,0.141938776,-2.024352105,30
1,0.022995333,0.067670167,0.016917542,0.041520613,7.783783784,0.136734694,-2.030802347,30
1,0.041097333,0.0833355,0.020833875,0.047401096,7.717041801,0.13755102,-2.03067619,30
1,0.042182333,0.0979625,0.024490625,0.056592588,7.602956705,0.137040816,-2.028728433,30
1,0.049387333,0.108098,0.0270245,0.068211865,7.430340557,0.137653061,-2.019785593,30
1,0.048589833,0.098144333,0.024536083,0.060959685,7.531380753,0.13755102,-2.021878706,30
1,0.057341833,0.090348667,0.022587167,0.055568406,7.610993658,0.138163265,-2.032138188,30
1,0.064492167,0.1366525,0.034163125,0.08468566,7.128712871,0.139693878,-2.012353069,30
2,0.049024667,0.091394333,0.022848583,0.057465327,7.594936709,0.13744898,-2.026908368,30
2,0.04876,0.114820333,0.028705083,0.067829863,7.430340557,0.137142857,-2.029011953,30
2,0.041446667,0.095698,0.0239245,0.057765347,7.570977918,0.13755102,-2.025098833,30
2,0.017379,0.065314,0.0163285,0.041840272,7.766990291,0.141938776,-1.962343242,30
2,0.033724667,0.067768,0.016942,0.042793273,7.77537797,0.136734694,-2.03070316,30
2,0.022982333,0.040626667,0.010156667,0.025109875,7.912087912,0.136734694,-2.033744851,30
2,0.032939667,0.048759333,0.012189833,0.031776445,7.868852459,0.137959184,-2.031948274,30
2,0.033908333,0.090416333,0.022604083,0.049291203,7.692307692,0.13755102,-2.024769718,30
2,0.082278667,0.147934,0.0369835,0.086550567,7.121661721,0.143673469,-2.006779986,30
2,0.056329,0.107726667,0.026931667,0.067916858,7.438016529,0.13744898,-2.026689613,30
2,0.041583667,0.123751333,0.030937833,0.068946865,7.422680412,0.137653061,-2.025222041,30
2,0.050281667,0.092018,0.0230045,0.054722973,7.635206787,0.137142857,-2.032685356,30
2,0.024455333,0.082824333,0.020706083,0.049179877,7.692307692,0.138265306,-2.012897419,30
2,0.049909,0.089245333,0.022311333,0.050899648,7.667731629,0.137346939,-2.031753939,30
2,0.057016667,0.097776333,0.024444083,0.059600391,7.547169811,0.137244898,-2.032517271,30
2,0.049183,0.090845667,0.022711417,0.053410575,7.643312102,0.137959184,-2.028931317,30
2,0.031632,0.055746333,0.013936583,0.033644009,7.843137255,0.137244898,-2.032517271,30
2,0.048351667,0.090277333,0.022569333,0.052159684,7.651434644,0.13744898,-2.032349971,30
2,0.047753333,0.103817,0.02595425,0.057529832,7.56302521,0.136938776,-2.032466729,30
2,0.048226333,0.122237333,0.030559333,0.063598647,7.49219563,0.13755102,-2.032675079,30
2,0.065036,0.065036,0.016259,0.051736173,7.651434644,0.142857143,-2.021767756,30
2,0.050165,0.106168333,0.026542083,0.058167102,7.578947368,0.137857143,-2.029797693,30
2,0.024015333,0.065181667,0.016295417,0.039697638,7.792207792,0.137959184,-2.01408956,30
2,0.032738667,0.073666667,0.018416667,0.046397916,7.717041801,0.137142857,-2.029179995,30
2,0.033946667,0.099932333,0.024983083,0.054358591,7.635206787,0.137040816,-2.027877303,30
2,0.050371333,0.091254333,0.022813583,0.054318677,7.635206787,0.137653061,-2.030254555,30
2,0.031351333,0.074903667,0.018725917,0.042728286,7.766990291,0.136938776,-2.02858327,30
2,0.024023,0.090155667,0.022538917,0.051446699,7.659574468,0.137142857,-2.024806199,30
2,0.031449667,0.070168667,0.017542167,0.038896106,7.783783784,0.137653061,-2.029908495,30
2,0.065584,0.130963333,0.032740833,0.073581654,7.339449541,0.143333333,-2.009015663,30
3,0.032928333,0.049101,0.01227525,0.031684665,7.868852459,0.138163265,-2.032138188,30
3,0.046848,0.104278333,0.026069583,0.062085251,7.5,0.137040816,-2.031570468,30
3,0.023228,0.0746555,0.018663875,0.045742363,7.725321888,0.136734694,-2.029117703,30
3,0.02455,0.066851167,0.016712792,0.041450501,7.77537797,0.137244898,-2.02100287,30
3,0.031239333,0.080651333,0.020162833,0.046342297,7.717041801,0.137040816,-2.028728433,30
3,0.038938667,0.0721195,0.018029875,0.043937934,7.741935484,0.137040816,-2.031542576,30
3,0.0483785,0.094595,0.02364875,0.056159168,7.578947368,0.137959184,-2.02011918,30
3,0.054811333,0.089442167,0.022360542,0.055005886,7.602956705,0.137857143,-2.030352731,30
3,0.062706667,0.117204,0.029301,0.069417163,7.36196319,0.140646259,-2.018517498,30
3,0.053307333,0.064897167,0.016224292,0.047906276,7.675906183,0.139387755,-2.030061039,30
3,0.032634333,0.076577,0.01914425,0.043817988,7.766990291,0.136938776,-2.031675682,30
3,0.017600167,0.040664167,0.010166042,0.023027189,7.929515419,0.136632653,-2.033253826,30
3,0.042039667,0.091748167,0.022937042,0.058445156,7.578947368,0.137142857,-2.029179995,30
3,0.032786833,0.0962065,0.024051625,0.054060847,7.610993658,0.137142857,-2.02708897,30
3,0.055968333,0.113726167,0.028431542,0.06702236,7.430340557,0.137040816,-2.030537497,30
3,0.0238715,0.058733333,0.014683333,0.03671311,7.817589577,0.138979592,-2.001639751,30
3,0.033071333,0.066306167,0.016576542,0.039906782,7.800650054,0.137346939,-2.028107277,30
3,0.033055833,0.061572667,0.015393167,0.03929352,7.783783784,0.137959184,-2.014482157,30
3,0.0724485,0.130031333,0.032507833,0.074400335,7.30964467,0.143163265,-2.01065102,30
3,0.026035,0.0738725,0.018468125,0.045000729,7.741935484,0.136836735,-2.027866494,30
3,0.072084,0.096004,0.024001,0.063909068,7.461139896,0.14127551,-2.038798505,30
3,0.031824333,0.058850333,0.014712583,0.035036276,7.843137255,0.137244898,-2.032517271,30
3,0.032716333,0.113245667,0.028311417,0.061890732,7.507820647,0.13877551,-2.019555118,30
3,0.016963167,0.065441667,0.016360417,0.038414238,7.809110629,0.135102041,-2.036606335,30
3,0.040407667,0.085799167,0.021449792,0.053461812,7.619047619,0.137346939,-2.026077203,30
3,0.057742833,0.0722465,0.018061625,0.049288441,7.684098186,0.140408163,-2.028289941,30
3,0.0243145,0.0738835,0.018470875,0.041070964,7.77537797,0.137142857,-2.02708897,30
3,0.032551833,0.0708535,0.017713375,0.042381489,7.750269107,0.136836735,-2.030738472,30
3,0.073032,0.129383333,0.032345833,0.080090936,7.214428858,0.139829932,-2.020797269,30
3,0.055085833,0.079107333,0.019776833,0.049915649,7.659574468,0.139183673,-2.029907341,30
4,0.046418667,0.087414667,0.021853667,0.051327675,7.643312102,0.137959184,-2.028931317,30
4,0.055372667,0.098172,0.024543,0.061081702,7.507820647,0.13744898,-2.026036354,30
4,0.032159333,0.058441333,0.014610333,0.035454859,7.834602829,0.136938776,-2.032620325,30
4,0.026470667,0.055959333,0.013989833,0.034334424,7.843137255,0.137244898,-2.022721532,30
4,0.014988,0.039341333,0.009835333,0.022278787,7.929515419,0.136632653,-2.030091042,30
4,0.033286667,0.055387333,0.013846833,0.034255674,7.843137255,0.137244898,-2.032517271,30
4,0.024991333,0.043716667,0.010929167,0.026678229,7.912087912,0.137040816,-2.033181189,30
4,0.022844,0.047984,0.011996,0.032130981,7.851690294,0.13755102,-2.020354614,30
4,0.046844,0.094156,0.023539,0.055535158,7.578947368,0.137040816,-2.032026034,30
4,0.032949333,0.053248,0.013312,0.03577224,7.817589577,0.137244898,-2.02782478,30
4,0.03187,0.086505333,0.021626333,0.049457031,7.667731629,0.137653061,-2.022322074,30
4,0.054786,0.092767333,0.023191833,0.06108347,7.523510972,0.137040816,-2.028666353,30
4,0.032195333,0.064602,0.0161505,0.037265277,7.809110629,0.136632653,-2.032011704,30
4,0.022556,0.038616667,0.009654167,0.023335035,7.920792079,0.137653061,-2.032734601,30
4,0.023030667,0.047358667,0.011839667,0.029741963,7.868852459,0.137857143,-2.028317019,30
4,0.024576667,0.048847333,0.012211833,0.028878786,7.886089814,0.137040816,-2.02854679,30
4,0.041168667,0.104052,0.026013,0.057277262,7.578947368,0.136938776,-2.030744888,30
4,0.026727333,0.063620667,0.015905167,0.036714743,7.817589577,0.137346939,-2.024155278,30
4,0.033145333,0.065418667,0.016354667,0.04009664,7.792207792,0.136632653,-2.030749349,30
4,0.032654667,0.078521333,0.019630333,0.047633907,7.692307692,0.136632653,-2.030441397,30
4,0.016802,0.047256667,0.011814167,0.02770595,7.886089814,0.136938776,-2.028797642,30
4,0.062422,0.116027333,0.029006833,0.066334855,7.39979445,0.137959184,-2.031476216,30
4,0.017696667,0.033846667,0.008461667,0.020799704,7.947019868,0.136530612,-2.031565091,30
4,0.040128,0.095114667,0.023778667,0.051281842,7.651434644,0.13744898,-2.03034198,30
4,0.023516667,0.039134667,0.009783667,0.027656616,7.886089814,0.136836735,-2.029461006,30
4,0.016154,0.055991333,0.013997833,0.034410243,7.826086957,0.139387755,-1.99618244,30
4,0.04539,0.124514667,0.031128667,0.069749879,7.339449541,0.13755102,-2.024629974,30
4,0.038836,0.076709333,0.019177333,0.043132936,7.733619764,0.13755102,-2.032675079,30
4,0.023675333,0.05535,0.0138375,0.034527491,7.826086957,0.137040816,-2.025499668,30
4,0.03654,0.087410667,0.021852667,0.053116452,7.619047619,0.137244898,-2.026975277,30
1,0.067262167,0.099416833,0.024854208,0.067425912,7.445708376,0.13755102,-2.027971903,40
1,0.031527667,0.073643333,0.018410833,0.048976096,7.692307692,0.138265306,-2.013478724,40
1,0.041206667,0.098635167,0.024658792,0.052279413,7.651434644,0.137346939,-2.031961722,40
1,0.056209,0.090595167,0.022648792,0.056195678,7.594936709,0.138061224,-2.031455272,40
1,0.043328333,0.099706,0.0249265,0.059477396,7.570977918,0.137857143,-2.018811634,40
1,0.0168445,0.050038667,0.012509667,0.029811574,7.886089814,0.136938776,-2.028797642,40
1,0.031561667,0.089345833,0.022336458,0.053436274,7.635206787,0.137142857,-2.02431598,40
1,0.057949667,0.1327055,0.033176375,0.07537553,7.317073171,0.139727891,-2.01718426,40
1,0.057541167,0.116360667,0.029090167,0.076213532,7.30964467,0.138163265,-2.016382182,40
1,0.039328333,0.080636,0.020159,0.046103189,7.717041801,0.137040816,-2.032026034,40
1,0.031536833,0.082089167,0.020522292,0.046033296,7.725321888,0.13744898,-2.023919685,40
1,0.042640667,0.125214,0.0313035,0.069482887,7.430340557,0.137142857,-2.024271453,40
1,0.033255833,0.074251833,0.018562958,0.044492628,7.750269107,0.137040816,-2.029935565,40
1,0.041598667,0.076036833,0.019009208,0.045869116,7.741935484,0.137040816,-2.030894854,40
1,0.031685333,0.073874167,0.018468542,0.050099089,7.675906183,0.139897959,-1.989828915,40
1,0.040824333,0.116852167,0.029213042,0.065277116,7.484407484,0.137142857,-2.022970966,40
1,0.048939833,0.125011667,0.031252917,0.06900002,7.430340557,0.137040816,-2.030753805,40
1,0.056999667,0.1320135,0.033003375,0.074439989,7.339449541,0.143571429,-2.007625871,40
1,0.0331475,0.092204333,0.023051083,0.050157402,7.684098186,0.137857143,-2.02953349,40
1,0.056924,0.067240167,0.016810042,0.050575747,7.675906183,0.139387755,-2.030061039,40
1,0.058734167,0.1409655,0.035241375,0.076275023,7.30964467,0.137040816,-2.029577376,40
1,0.049146667,0.074007833,0.018501958,0.044310918,7.750269107,0.139795918,-2.029743562,40
1,0.0574825,0.1147465,0.028686625,0.066159714,7.468879668,0.137653061,-2.030254555,40
1,0.025335667,0.073783167,0.018445792,0.045295122,7.733619764,0.139183673,-2.00099352,40
1,0.033444333,0.099264833,0.024816208,0.05875978,7.570977918,0.136734694,-2.028758271,40
1,0.049697833,0.0843295,0.021082375,0.048877035,7.708779443,0.13877551,-2.029756767,40
1,0.0405495,0.116003167,0.029000792,0.061712104,7.531380753,0.137142857,-2.024704817,40
1,0.026624,0.083632333,0.020908083,0.050619194,7.684098186,0.13755102,-2.019528606,40
1,0.034587667,0.0750915,0.018772875,0.043247063,7.766990291,0.136938776,-2.02858327,40
1,0.042093667,0.067057833,0.016764458,0.043107033,7.766990291,0.137857143,-2.031067527,40
2,0.022733333,0.055284,0.013821,0.031299083,7.860262009,0.136938776,-2.031707421,40
2,0.04362,0.099281333,0.024820333,0.062416565,7.531380753,0.137857143,-2.021413923,40
2,0.064884,0.107167,0.02679175,0.062361237,7.51565762,0.137857143,-2.033798504,40
2,0.041104333,0.097156333,0.024289083,0.056781149,7.594936709,0.137142857,-2.026252995,40
2,0.064168333,0.084184,0.021046,0.060866141,7.531380753,0.138673469,-2.029109829,40
2,0.033528667,0.088483333,0.022120833,0.055117853,7.619047619,0.138367347,-2.010057517,40
2,0.032621,0.064515,0.01612875,0.036068852,7.826086957,0.137142857,-2.033345881,40
2,0.042267333,0.072541333,0.018135333,0.042747023,7.766990291,0.137857143,-2.03185233,40
2,0.009197667,0.040327333,0.010081833,0.024188427,7.920792079,0.136734694,-2.020474197,40
2,0.031148333,0.072073,0.01801825,0.038263564,7.800650054,0.13755102,-2.032632625,40
2,0.032509667,0.068073333,0.017018333,0.041271947,7.783783784,0.136938776,-2.030234265,40
2,0.040853667,0.105639333,0.026409833,0.05630598,7.586933614,0.136938776,-2.031675682,40
2,0.032877333,0.096892333,0.024223083,0.059056153,7.547169811,0.138877551,-2.005253008,40
2,0.049055333,0.108244333,0.027061083,0.07101288,7.37704918,0.138265306,-2.013478724,40
2,0.056534333,0.121059333,0.030264833,0.066263407,7.445708376,0.13755102,-2.032632625,40
2,0.072881667,0.102927,0.02573175,0.06568719,7.445708376,0.138877551,-2.030275111,40
2,0.038307,0.088181667,0.022045417,0.055432078,7.602956705,0.137857143,-2.018811634,40
2,0.049144667,0.096747667,0.024186917,0.061885955,7.507820647,0.136734694,-2.03120811,40
2,0.033189,0.083440333,0.020860083,0.046782422,7.725321888,0.136632653,-2.02760413,40
2,0.025103333,0.051232333,0.012808083,0.035225028,7.834602829,0.140408163,-1.982615695,40
2,0.033442,0.07172,0.01793,0.039539848,7.792207792,0.136938776,-2.032640433,40
2,0.050596667,0.105893333,0.026473333,0.06046415,7.547169811,0.13755102,-2.028640968,40
2,0.02274,0.045844333,0.011461083,0.027988192,7.886089814,0.137040816,-2.029635094,40
2,0.03991,0.073556667,0.018389167,0.042624366,7.75862069,0.137959184,-2.028931317,40
2,0.033235667,0.098476,0.024619,0.05529681,7.610993658,0.137142857,-2.027506476,40
2,0.079582667,0.111330667,0.027832667,0.072060912,7.33197556,0.139489796,-2.029756146,40
2,0.025565333,0.082416,0.020604,0.044006721,7.750269107,0.136938776,-2.028797642,40
2,0.040163667,0.072506,0.0181265,0.043551833,7.741935484,0.137040816,-2.031542576,40
2,0.040595667,0.115458,0.0288645,0.06028918,7.555089192,0.136938776,-2.030520283,40
2,0.072151667,0.135776667,0.033944167,0.079435492,7.214428858,0.142891156,-2.009782304,40
3,0.0479895,0.088213667,0.022053417,0.057095667,7.56302521,0.137040816,-2.031978206,40
3,0.033855833,0.089138167,0.022284542,0.048908257,7.692307692,0.13877551,-2.026375315,40
3,0.031854333,0.071908,0.017977,0.045621819,7.717041801,0.136632653,-2.031711402,40
3,0.054098333,0.0956265,0.023906625,0.057229795,7.56302521,0.137959184,-2.028931317,40
3,0.037990167,0.118446,0.0296115,0.067031259,7.422680412,0.136938776,-2.027346063,40
3,0.025275,0.071902,0.0179755,0.043765876,7.741935484,0.136836735,-2.027866494,40
3,0.055725333,0.103439833,0.025859958,0.063251648,7.476635514,0.137244898,-2.02782478,40
3,0.0447715,0.0716045,0.017901125,0.043063713,7.733619764,0.138877551,-2.030275111,40
3,0.024386,0.057764833,0.014441208,0.033271812,7.851690294,0.136734694,-2.031612007,40
3,0.048441,0.0504505,0.012612625,0.038973663,7.800650054,0.142857143,-2.021767756,40
3,0.017118167,0.066202167,0.016550542,0.038769518,7.809110629,0.135102041,-2.036606335,40
3,0.023582,0.048276,0.012069,0.028717482,7.886089814,0.137040816,-2.029635094,40
3,0.0484145,0.127196333,0.031799083,0.077357335,7.236180905,0.137040816,-2.026119589,40
3,0.039894667,0.112811167,0.028202792,0.06668672,7.438016529,0.136734694,-2.028758271,40
3,0.046702,0.105594833,0.026398708,0.064650429,7.461139896,0.13755102,-2.022156582,40
3,0.047031,0.105865833,0.026466458,0.062751917,7.49219563,0.137040816,-2.029635094,40
3,0.024322,0.050839,0.01270975,0.035831712,7.826086957,0.139387755,-1.996308216,40
3,0.021929,0.0482645,0.012066125,0.027267604,7.894736842,0.136836735,-2.033520375,40
3,0.039802167,0.049015,0.01225375,0.034922372,7.834602829,0.14122449,-2.026054252,40
3,0.033615833,0.0481215,0.012030375,0.031874195,7.868852459,0.137959184,-2.031948274,40
3,0.040385667,0.070315,0.01757875,0.045682209,7.717041801,0.13744898,-2.026086044,40
3,0.0475515,0.110812167,0.027703042,0.059672486,7.523510972,0.13755102,-2.03067619,40
3,0.033317833,0.075852,0.018963,0.043084401,7.77537797,0.137040816,-2.032075652,40
3,0.065171667,0.111071167,0.027767792,0.068381456,7.407407407,0.137857143,-2.027998568,40
3,0.032763833,0.082800333,0.020700083,0.056273225,7.594936709,0.140510204,-1.982267124,40
3,0.031827833,0.085974167,0.021493542,0.047360595,7.684098186,0.137857143,-2.024026727,40
3,0.023967,0.055112333,0.013778083,0.036648224,7.809110629,0.13877551,-2.002356129,40
3,0.064650167,0.0698865,0.017471625,0.05163115,7.651434644,0.142857143,-2.021767756,40
3,0.046666,0.086068167,0.021517042,0.058177225,7.531380753,0.137142857,-2.026598036,40
3,0.024801,0.071969,0.01799225,0.03906395,7.792207792,0.136938776,-2.026603146,40
4,0.031238,0.067134,0.0167835,0.038085978,7.77537797,0.137040816,-2.029666803,40
4,0.015658,0.050169333,0.012542333,0.031194953,7.868852459,0.138163265,-2.010943311,40
4,0.056684667,0.096892667,0.024223167,0.0625647,7.484407484,0.137244898,-2.02782478,40
4,0.03025,0.059674667,0.014918667,0.036247677,7.792207792,0.137142857,-2.02808234,40
4,0.009353333,0.026351333,0.006587833,0.016694588,7.96460177,0.136632653,-2.023220283,40
4,0.023618,0.040060667,0.010015167,0.02564762,7.912087912,0.136734694,-2.033744851,40
4,0.025077333,0.06485,0.0162125,0.044565023,7.741935484,0.139081633,-2.00139055,40
4,0.038952,0.109899333,0.027474833,0.061920225,7.484407484,0.137142857,-2.022970966,40
4,0.022944667,0.055184667,0.013796167,0.030849952,7.868852459,0.136632653,-2.031122385,40
4,0.039917333,0.087013333,0.021753333,0.049329685,7.659574468,0.136938776,-2.031881125,40
4,0.036208,0.043986,0.0109965,0.03210381,7.826086957,0.139387755,-2.030061039,40
4,0.024972667,0.04288,0.01072,0.02624492,7.912087912,0.137040816,-2.033181189,40
4,0.045926,0.09245,0.0231125,0.055764585,7.555089192,0.137040816,-2.031087955,40
4,0.045769333,0.093768,0.023442,0.054264409,7.594936709,0.137142857,-2.031067029,40
4,0.042018667,0.108092,0.027023,0.058086948,7.578947368,0.136734694,-2.032313467,40
4,0.022976667,0.056881333,0.014220333,0.030490201,7.877461707,0.136632653,-2.034418134,40
4,0.039003333,0.073172667,0.018293167,0.048871031,7.684098186,0.136632653,-2.033890753,40
4,0.044956,0.058988667,0.014747167,0.04004038,7.750269107,0.138571429,-2.032650822,40
4,0.043701333,0.077898,0.0194745,0.047124771,7.708779443,0.136632653,-2.031442114,40
4,0.054603333,0.077166,0.0192915,0.049866892,7.651434644,0.139795918,-2.029615723,40
4,0.047982,0.087716,0.021929,0.050128112,7.667731629,0.137653061,-2.030254555,40
4,0.057169333,0.094745333,0.023686333,0.055578422,7.594936709,0.13877551,-2.029756767,40
4,0.045183333,0.072516667,0.018129167,0.047883632,7.675906183,0.137755102,-2.029870326,40
4,0.025132,0.05945,0.0148625,0.033755546,7.826086957,0.137142857,-2.027506476,40
4,0.021402,0.05347,0.0133675,0.029588906,7.868852459,0.136632653,-2.031122385,40
4,0.041218,0.070342,0.0175855,0.040713283,7.77537797,0.13877551,-2.029756767,40
4,0.031410667,0.086814,0.0217035,0.052178079,7.627118644,0.138877551,-2.005253008,40
4,0.038769333,0.056562667,0.014140667,0.037225815,7.809110629,0.13877551,-2.031697735,40
4,0.046278667,0.06384,0.01596,0.046387526,7.700534759,0.13755102,-2.031173353,40
4,0.040170667,0.065030667,0.016257667,0.039537105,7.792207792,0.137959184,-2.032284485,40
1,0.0340745,0.05791,0.0144775,0.035895218,7.834602829,0.136632653,-2.034418134,50
1,0.015356167,0.033109167,0.008277292,0.019820149,7.947019868,0.136530612,-2.031565091,50
1,0.083117667,0.109170167,0.027292542,0.075552758,7.33197556,0.139081633,-2.03007033,50
1,0.016078,0.031883667,0.007970917,0.017853952,7.955801105,0.136938776,-2.034168277,50
1,0.049542667,0.092479,0.02311975,0.061450323,7.539267016,0.13744898,-2.02777546,50
1,0.033564667,0.088744333,0.022186083,0.055859373,7.594936709,0.137040816,-2.029185532,50
1,0.0637995,0.097007667,0.024251917,0.063341979,7.484407484,0.13877551,-2.028712799,50
1,0.0349715,0.068805833,0.017201458,0.043554242,7.77537797,0.136734694,-2.03070316,50
1,0.051177833,0.083843833,0.020960958,0.051564483,7.675906183,0.137244898,-2.033490031,50
1,0.034243,0.1062125,0.026553125,0.058319577,7.570977918,0.138265306,-2.02190131,50
1,0.048378,0.115087833,0.028771958,0.062510576,7.51565762,0.137857143,-2.029797693,50
1,0.050096833,0.106767667,0.026691917,0.063090488,7.507820647,0.136938776,-2.030424484,50
1,0.042188667,0.075271167,0.018817792,0.044249079,7.75862069,0.13755102,-2.032632625,50
1,0.034445,0.089345,0.02233625,0.056003606,7.602956705,0.138265306,-2.010522901,50
1,0.024233167,0.059568167,0.014892042,0.036081347,7.834602829,0.136938776,-2.026516619,50
1,0.083665167,0.1424165,0.035604125,0.092880735,7.038123167,0.15414966,-1.960412061,50
1,0.049299333,0.082929333,0.020732333,0.047994953,7.708779443,0.13877551,-2.029756767,50
1,0.0419785,0.0906345,0.022658625,0.05498889,7.627118644,0.13755102,-2.025098833,50
1,0.041039167,0.098385167,0.024596292,0.05478606,7.619047619,0.136938776,-2.030546206,50
1,0.033155167,0.0833685,0.020842125,0.046502485,7.733619764,0.13755102,-2.028018444,50
1,0.048999333,0.083054167,0.020763542,0.055656091,7.602956705,0.138265306,-2.027145769,50
1,0.040347,0.074079667,0.018519917,0.044645437,7.741935484,0.136836735,-2.032473095,50
1,0.031967167,0.082734,0.0206835,0.047876063,7.708779443,0.137040816,-2.026597737,50
1,0.025208833,0.072451167,0.018112792,0.045106785,7.725321888,0.136734694,-2.029117703,50
1,0.049467667,0.133501833,0.033375458,0.072514299,7.37704918,0.144931973,-2.002825715,50
1,0.032487833,0.099115333,0.024778833,0.050919489,7.675906183,0.136530612,-2.031846702,50
1,0.049111833,0.1124205,0.028105125,0.072135029,7.354443309,0.137755102,-2.019767228,50
1,0.050328833,0.108256333,0.027064083,0.062176862,7.531380753,0.137142857,-2.031858102,50
1,0.0320445,0.082588833,0.020647208,0.048394234,7.700534759,0.137040816,-2.029185532,50
1,0.066129667,0.1082285,0.027057125,0.07043708,7.407407407,0.137346939,-2.029673586,50
2,0.041421333,0.081079,0.02026975,0.048846393,7.692307692,0.136836735,-2.031701651,50
2,0.031817,0.087241667,0.021810417,0.048939141,7.667731629,0.13744898,-2.027570278,50
2,0.02626,0.081007667,0.020251917,0.047748024,7.708779443,0.13877551,-2.008491194,50
2,0.066154333,0.098699667,0.024674917,0.06007675,7.555089192,0.138979592,-2.030740376,50
2,0.031077667,0.093097333,0.023274333,0.04916982,7.659574468,0.137142857,-2.027506476,50
2,0.046794,0.094695,0.02367375,0.056888435,7.56302521,0.137142857,-2.027236777,50
2,0.081100333,0.142760667,0.035690167,0.081888765,7.164179104,0.143197279,-2.009762763,50
2,0.032429667,0.100249,0.02506225,0.054745867,7.635206787,0.137857143,-2.023636033,50
2,0.041769,0.090431,0.02260775,0.053208841,7.643312102,0.136938776,-2.030849673,50
2,0.030696667,0.048069,0.01201725,0.029244537,7.877461707,0.138571429,-2.031541229,50
2,0.041775333,0.074061667,0.018515417,0.045983249,7.733619764,0.137142857,-2.031842973,50
2,0.050186333,0.122069333,0.030517333,0.075928075,7.30964467,0.137040816,-2.026092507,50
2,0.032252333,0.065276667,0.016319167,0.041188817,7.766990291,0.13755102,-2.028018444,50
2,0.031818667,0.080651333,0.020162833,0.04565203,7.725321888,0.137142857,-2.024704817,50
2,0.032787667,0.081652667,0.020413167,0.052140824,7.643312102,0.138979592,-2.001639751,50
2,0.041084667,0.104623667,0.026155917,0.059246829,7.539267016,0.136632653,-2.031711402,50
2,0.053599,0.138205333,0.034551333,0.078638736,7.228915663,0.143571429,-2.005092009,50
2,0.078711667,0.079987,0.01999675,0.062388246,7.484407484,0.142857143,-2.021767756,50
2,0.041373,0.08497,0.0212425,0.047956767,7.717041801,0.13755102,-2.03067619,50
2,0.025365667,0.058819,0.01470475,0.038363652,7.809110629,0.138571429,-2.006593022,50
2,0.024644,0.057827333,0.014456833,0.0363046,7.826086957,0.137040816,-2.025499668,50
2,0.059284333,0.098460333,0.024615083,0.060531253,7.555089192,0.137959184,-2.031948274,50
2,0.056270333,0.131416,0.032854,0.077704826,7.265388496,0.142482993,-2.007223304,50
2,0.040493,0.108492667,0.027123167,0.059810336,7.570977918,0.136836735,-2.030738472,50
2,0.033493,0.058356333,0.014589083,0.035953661,7.834602829,0.136938776,-2.032620325,50
2,0.023908333,0.072210333,0.018052583,0.045069176,7.725321888,0.13877551,-2.002356129,50
2,0.05598,0.103967333,0.025991833,0.060763142,7.51565762,0.136734694,-2.034662725,50
2,0.058779,0.108257333,0.027064333,0.067004858,7.461139896,0.13755102,-2.030353538,50
2,0.018049333,0.057352,0.014338,0.03050317,7.877461707,0.136632653,-2.027485328,50
2,0.064916,0.136798333,0.034199583,0.078983113,7.228915663,0.143367347,-2.006939903,50
3,0.041876667,0.088739667,0.022184917,0.053032119,7.635206787,0.137142857,-2.026783404,50
3,0.032075833,0.080034333,0.020008583,0.048034258,7.692307692,0.137857143,-2.018811634,50
3,0.049268,0.0746895,0.018672375,0.045549398,7.733619764,0.139081633,-2.030457334,50
3,0.041187667,0.126500833,0.031625208,0.065395632,7.430340557,0.13744898,-2.029125036,50
3,0.0239875,0.070478,0.0176195,0.041254604,7.766990291,0.137346939,-2.023219084,50
3,0.058120833,0.104440333,0.026110083,0.063240648,7.484407484,0.137040816,-2.032126465,50
3,0.0481465,0.081727333,0.020431833,0.049901103,7.667731629,0.137857143,-2.030352731,50
3,0.042039167,0.107182333,0.026795583,0.059150488,7.570977918,0.137040816,-2.028958955,50
3,0.016789667,0.062774667,0.015693667,0.03861566,7.792207792,0.137857143,-2.011888853,50
3,0.030037333,0.063814167,0.015953542,0.035943841,7.817589577,0.136938776,-2.034168277,50
3,0.040213167,0.041506167,0.010376542,0.032275425,7.860262009,0.142857143,-2.021767756,50
3,0.007707333,0.028687833,0.007171958,0.01810236,7.938257993,0.139795918,-1.990169179,50
3,0.046284,0.090636667,0.022659167,0.053043229,7.627118644,0.136938776,-2.032431439,50
3,0.04694,0.101194833,0.025298708,0.061230602,7.484407484,0.137857143,-2.021548543,50
3,0.02454,0.053542833,0.013385708,0.028947624,7.877461707,0.136632653,-2.034418134,50
3,0.054496333,0.0959515,0.023987875,0.055088522,7.594936709,0.13877551,-2.029756767,50
3,0.041019667,0.076191833,0.019047958,0.042732518,7.733619764,0.13744898,-2.03132859,50
3,0.038983667,0.103268333,0.025817083,0.065556649,7.415036045,0.13755102,-2.027672163,50
3,0.033698333,0.057377333,0.014344333,0.034009733,7.851690294,0.13755102,-2.032675079,50
3,0.017387667,0.041460667,0.010365167,0.024128767,7.920792079,0.137653061,-2.017402474,50
3,0.0229565,0.058322833,0.014580708,0.03470871,7.843137255,0.137040816,-2.029454293,50
3,0.032461833,0.0948845,0.023721125,0.051140347,7.651434644,0.137346939,-2.024155278,50
3,0.038791667,0.064952167,0.016238042,0.042809923,7.75862069,0.137755102,-2.029870326,50
3,0.049356,0.103377833,0.025844458,0.060900382,7.507820647,0.137040816,-2.031765317,50
3,0.0469215,0.1435075,0.035876875,0.081588152,7.178464606,0.13755102,-2.019543387,50
3,0.0225105,0.055000333,0.013750083,0.034592468,7.817589577,0.138979592,-2.001639751,50
3,0.032093833,0.070216,0.017554,0.044499879,7.725321888,0.13755102,-2.028323681,50
3,0.039650167,0.061233667,0.015308417,0.039323331,7.77537797,0.137244898,-2.033490031,50
3,0.0475825,0.089836167,0.022459042,0.05270131,7.635206787,0.137142857,-2.032814258,50
3,0.041343167,0.090046667,0.022511667,0.050956498,7.667731629,0.137857143,-2.02953349,50
4,0.054972,0.088659333,0.022164833,0.059064304,7.51565762,0.13744898,-2.027270405,50
4,0.044218667,0.064465333,0.016116333,0.042376477,7.741935484,0.138979592,-2.030740376,50
4,0.023577333,0.071467333,0.017866833,0.046898563,7.692307692,0.140408163,-1.982633585,50
4,0.032558,0.076590667,0.019147667,0.043510428,7.725321888,0.136632653,-2.03359811,50
4,0.036082,0.054238,0.0135595,0.034158145,7.817589577,0.138979592,-2.030740376,50
4,0.047940667,0.096396667,0.024099167,0.058239293,7.547169811,0.137244898,-2.026975277,50
4,0.019282,0.058154667,0.014538667,0.034562995,7.834602829,0.136632653,-2.027485328,50
4,0.023778,0.061612,0.015403,0.040227041,7.75862069,0.139897959,-1.989828915,50
4,0.024693333,0.086441333,0.021610333,0.050501247,7.643312102,0.13755102,-2.019528606,50
4,0.054244667,0.129574,0.0323935,0.070464493,7.30964467,0.139591837,-2.018857413,50
4,0.037822,0.072386667,0.018096667,0.044605756,7.725321888,0.137857143,-2.028317019,50
4,0.023742667,0.060324,0.015081,0.033026355,7.834602829,0.136734694,-2.03120811,50
4,0.034306667,0.093378,0.0233445,0.050021774,7.659574468,0.137142857,-2.022970966,50
4,0.024097333,0.054351333,0.013587833,0.032072137,7.851690294,0.136734694,-2.031612007,50
4,0.01691,0.041096667,0.010274167,0.024475343,7.912087912,0.137040816,-2.023737598,50
4,0.039285333,0.071706,0.0179265,0.040799783,7.766990291,0.137346939,-2.032166386,50
4,0.031879333,0.055930667,0.013982667,0.032765617,7.851690294,0.13755102,-2.032675079,50
4,0.01626,0.041338,0.0103345,0.025770904,7.903402854,0.136632653,-2.027777078,50
4,0.016265333,0.044764,0.011191,0.028254219,7.877461707,0.138571429,-2.006430368,50
4,0.023912667,0.078645333,0.019661333,0.043166786,7.741935484,0.13755102,-2.024769718,50
4,0.055204667,0.087133333,0.021783333,0.0538219,7.602956705,0.138265306,-2.031741158,50
4,0.040955333,0.072349333,0.018087333,0.044810707,7.725321888,0.136938776,-2.031717327,50
4,0.045273333,0.06908,0.01727,0.045256043,7.700534759,0.13755102,-2.032465095,50
4,0.045364,0.077554,0.0193885,0.047845682,7.675906183,0.13755102,-2.032465095,50
4,0.046744,0.130089333,0.032522333,0.06982819,7.324516785,0.143707483,-2.005668091,50
4,0.015852,0.048744667,0.012186167,0.027434966,7.894736842,0.136020408,-2.034452899,50
4,0.049337333,0.089082,0.0222705,0.060098136,7.531380753,0.137755102,-2.019883987,50
4,0.017511333,0.030210667,0.007552667,0.018484763,7.947019868,0.136530612,-2.031565091,50
4,0.046883333,0.099912667,0.024978167,0.057371734,7.531380753,0.137244898,-2.030745897,50
4,0.021030667,0.056546667,0.014136667,0.036021694,7.817589577,0.136938776,-2.029225411,50
1,0.048429167,0.099784667,0.024946167,0.062220371,7.51565762,0.137346939,-2.025801511,60
1,0.048861833,0.083511,0.02087775,0.0548557,7.627118644,0.13744898,-2.027731163,60
1,0.065869667,0.091420833,0.022855208,0.064501345,7.49219563,0.138673469,-2.027696962,60
1,0.048524667,0.104306167,0.026076542,0.057317183,7.570977918,0.13744898,-2.03034198,60
1,0.033720833,0.091664333,0.022916083,0.062750956,7.507820647,0.141122449,-1.973554886,60
1,0.065282667,0.106946167,0.026736542,0.066967305,7.438016529,0.135561224,-2.025681759,60
1,0.096709167,0.171850167,0.042962542,0.098649854,6.876790831,0.156190476,-1.963303734,60
1,0.083466333,0.132883,0.03322075,0.080510665,7.243460765,0.141054422,-2.023522845,60
1,0.075086333,0.130298,0.0325745,0.077248913,7.294832827,0.140408163,-2.022405408,60
1,0.047656167,0.112877333,0.028219333,0.074622836,7.30964467,0.138979592,-2.001639751,60
1,0.017681167,0.049354333,0.012338583,0.028581191,7.894736842,0.136836735,-2.02725035,60
1,0.033251,0.099557833,0.024889458,0.06230907,7.531380753,0.139183673,-2.00099352,60
1,0.057034333,0.091541667,0.022885417,0.059165314,7.56302521,0.137346939,-2.030140619,60
1,0.0568835,0.130810667,0.032702667,0.080731297,7.228915663,0.140484694,-2.027171263,60
1,0.057774,0.075180333,0.018795083,0.05332298,7.643312102,0.138571429,-2.031249303,60
1,0.048264667,0.082382167,0.020595542,0.054438944,7.627118644,0.13744898,-2.027731163,60
1,0.048931,0.099660667,0.024915167,0.059404444,7.56302521,0.137040816,-2.030479671,60
1,0.034982167,0.098294,0.0245735,0.05407534,7.635206787,0.136734694,-2.028758271,60
1,0.0406015,0.057361333,0.014340333,0.036520228,7.826086957,0.139387755,-2.030285731,60
1,0.030732167,0.0739135,0.018478375,0.045061768,7.725321888,0.137959184,-2.014254817,60
1,0.042222833,0.083070333,0.020767583,0.05302343,7.651434644,0.13744898,-2.02254574,60
1,0.082456833,0.121614333,0.030403583,0.075069684,7.30964467,0.141190476,-2.020759151,60
1,0.057009667,0.123560333,0.030890083,0.072521942,7.354443309,0.139421769,-2.020982571,60
1,0.034300333,0.074199167,0.018549792,0.042714454,7.77537797,0.137040816,-2.027231567,60
1,0.0429465,0.122159667,0.030539917,0.072266065,7.369498465,0.137244898,-2.025854403,60
1,0.040117333,0.107156833,0.026789208,0.062993368,7.507820647,0.137040816,-2.027637966,60
1,0.056604167,0.105519833,0.026379958,0.062456805,7.507820647,0.136632653,-2.033630876,60
1,0.040454167,0.081874,0.0204685,0.046607807,7.725321888,0.13755102,-2.030967895,60
1,0.075646333,0.118060833,0.029515208,0.084142882,7.185628743,0.138673469,-2.027696962,60
1,0.047837167,0.071589833,0.017897458,0.045243603,7.725321888,0.137959184,-2.031916422,60
2,0.049578,0.079858667,0.019964667,0.047681207,7.700534759,0.13755102,-2.03326661,60
2,0.024272333,0.083199,0.02079975,0.045260312,7.741935484,0.138265306,-2.02190131,60
2,0.040796333,0.083159333,0.020789833,0.049043073,7.700534759,0.137142857,-2.028007478,60
2,0.015003333,0.040300333,0.010075083,0.023765064,7.920792079,0.136632653,-2.031711402,60
2,0.058846,0.115493,0.02887325,0.068131506,7.430340557,0.137142857,-2.030467928,60
2,0.072906333,0.091381,0.02284525,0.062541264,7.507820647,0.141122449,-2.026530796,60
2,0.056073,0.07353,0.0183825,0.051072789,7.651434644,0.139387755,-2.030061039,60
2,0.040329,0.095943,0.02398575,0.051368071,7.651434644,0.13744898,-2.03034198,60
2,0.032896,0.088501333,0.022125333,0.053440012,7.627118644,0.136632653,-2.027599056,60
2,0.057509,0.109689333,0.027422333,0.065764513,7.430340557,0.137142857,-2.028323223,60
2,0.064426,0.122219,0.03055475,0.068728282,7.415036045,0.140238095,-2.020550215,60
2,0.042450333,0.084395333,0.021098833,0.052233289,7.667731629,0.136632653,-2.030749349,60
2,0.022257333,0.060213333,0.015053333,0.032772355,7.868852459,0.136632653,-2.031122385,60
2,0.025828,0.04312,0.01078,0.028281718,7.903402854,0.136632653,-2.033890753,60
2,0.030313,0.077921,0.01948025,0.042379054,7.741935484,0.136734694,-2.030971921,60
2,0.032912667,0.048720667,0.012180167,0.030646485,7.877461707,0.138571429,-2.031541229,60
2,0.064749667,0.131186667,0.032796667,0.076889781,7.272727273,0.139727891,-2.019537765,60
2,0.033475,0.050436,0.012609,0.031099468,7.877461707,0.138571429,-2.031541229,60
2,0.047135667,0.083012667,0.020753167,0.051662624,7.659574468,0.137346939,-2.029626709,60
2,0.032051,0.055754,0.0139385,0.034013488,7.843137255,0.137244898,-2.032517271,60
2,0.026423,0.088692333,0.022173083,0.052855326,7.619047619,0.13877551,-2.008491194,60
2,0.025069,0.064858,0.0162145,0.034344659,7.843137255,0.136530612,-2.031846702,60
2,0.024231333,0.049052667,0.012263167,0.030362815,7.877461707,0.136734694,-2.03070316,60
2,0.030885667,0.070907,0.01772675,0.042641476,7.750269107,0.13755102,-2.021321093,60
2,0.039537667,0.080457667,0.020114417,0.048590072,7.684098186,0.137142857,-2.028552574,60
2,0.04575,0.078883667,0.019720917,0.059925123,7.531380753,0.138673469,-2.00949178,60
2,0.039771333,0.104194667,0.026048667,0.059155015,7.547169811,0.137142857,-2.027133497,60
2,0.081461333,0.165232333,0.041308083,0.091931368,7.010710808,0.145895692,-1.99866258,60
2,0.025613,0.081839667,0.020459917,0.04449338,7.750269107,0.136938776,-2.028797642,60
2,0.040878,0.087965,0.02199125,0.053288431,7.635206787,0.136632653,-2.031122385,60
3,0.025735,0.079772333,0.019943083,0.047028502,7.684098186,0.13755102,-2.019528606,60
3,0.013412667,0.025705,0.00642625,0.016842592,7.955801105,0.136836735,-2.029461006,60
3,0.0497205,0.090883167,0.022720792,0.060388803,7.547169811,0.138265306,-2.018261879,60
3,0.026833,0.0535955,0.013398875,0.033596948,7.868852459,0.13755102,-2.028018444,60
3,0.062501667,0.069183,0.01729575,0.049948892,7.651434644,0.142857143,-2.021767756,60
3,0.0715065,0.103794333,0.025948583,0.064849505,7.445708376,0.139897959,-2.029169004,60
3,0.063781167,0.088394167,0.022098542,0.058423987,7.547169811,0.14005102,-2.04181331,60
3,0.039762667,0.091004167,0.022751042,0.05160744,7.667731629,0.137040816,-2.030479671,60
3,0.041111667,0.063313167,0.015828292,0.039179684,7.792207792,0.137959184,-2.032284485,60
3,0.047398,0.088045667,0.022011417,0.052983302,7.619047619,0.137244898,-2.031543636,60
3,0.032652333,0.084859667,0.021214917,0.048154702,7.684098186,0.136938776,-2.027346063,60
3,0.037011667,0.063579667,0.015894917,0.044093964,7.708779443,0.137040816,-2.023920569,60
3,0.036042167,0.078192833,0.019548208,0.044853587,7.700534759,0.137142857,-2.028007478,60
3,0.041537667,0.065642167,0.016410542,0.045194303,7.733619764,0.13877551,-2.025777555,60
3,0.046538,0.0930025,0.023250625,0.059934149,7.507820647,0.137857143,-2.018811634,60
3,0.058512333,0.0787255,0.019681375,0.052632536,7.667731629,0.14122449,-2.026054252,60
3,0.049922,0.065868167,0.016467042,0.04533963,7.733619764,0.138571429,-2.031249303,60
3,0.032011333,0.079765833,0.019941458,0.043647295,7.741935484,0.136734694,-2.030971921,60
3,0.039852667,0.101811333,0.025452833,0.059443707,7.523510972,0.13744898,-2.029125036,60
3,0.039837667,0.090605167,0.022651292,0.052460529,7.651434644,0.136938776,-2.031463662,60
3,0.029191333,0.061325167,0.015331292,0.037307803,7.792207792,0.137142857,-2.02808234,60
3,0.032445333,0.063491667,0.015872917,0.038473146,7.800650054,0.137142857,-2.027236777,60
3,0.039459167,0.0929275,0.023231875,0.058984696,7.51565762,0.136632653,-2.031442114,60
3,0.062905167,0.087604167,0.021901042,0.059780157,7.51565762,0.138367347,-2.030872213,60
3,0.029929833,0.080202833,0.020050708,0.046349908,7.708779443,0.137040816,-2.026597737,60
3,0.0473225,0.062755667,0.015688917,0.042879239,7.741935484,0.139081633,-2.03007033,60
3,0.030829833,0.065225167,0.016306292,0.039188077,7.800650054,0.137346939,-2.026532764,60
3,0.041696667,0.101202333,0.025300583,0.063547884,7.461139896,0.137857143,-2.017124842,60
3,0.0482865,0.104209333,0.026052333,0.061345194,7.51565762,0.136836735,-2.030227127,60
3,0.065024667,0.121611,0.03040275,0.071160544,7.369498465,0.13755102,-2.031477064,60
4,0.041255333,0.063799333,0.015949833,0.041099448,7.77537797,0.137244898,-2.033490031,60
4,0.024147333,0.076506667,0.019126667,0.044880682,7.750269107,0.137142857,-2.024271453,60
4,0.030487333,0.048690667,0.012172667,0.029850824,7.877461707,0.138571429,-2.032650822,60
4,0.028170667,0.055471333,0.013867833,0.032152181,7.843137255,0.137244898,-2.032517271,60
4,0.046788,0.083424667,0.020856167,0.050517075,7.627118644,0.136836735,-2.033520375,60
4,0.055787333,0.077504667,0.019376167,0.048973149,7.675906183,0.140408163,-2.028321794,60
4,0.026406667,0.061658667,0.015414667,0.036546858,7.826086957,0.137040816,-2.025499668,60
4,0.03906,0.076941333,0.019235333,0.043381943,7.725321888,0.13755102,-2.030967895,60
4,0.030009333,0.076137333,0.019034333,0.042918755,7.717041801,0.137040816,-2.028728433,60
4,0.023383333,0.050928667,0.012732167,0.030559118,7.877461707,0.136734694,-2.03070316,60
4,0.016174,0.044664667,0.011166167,0.025776238,7.903402854,0.137346939,-2.025310504,60
4,0.024861333,0.076208,0.019052,0.039733318,7.766990291,0.13755102,-2.025903345,60
4,0.038494,0.064528667,0.016132167,0.039564746,7.77537797,0.137244898,-2.033490031,60
4,0.020769333,0.060391333,0.015097833,0.035250715,7.809110629,0.136836735,-2.028428061,60
4,0.033696667,0.08714,0.021785,0.050081028,7.659574468,0.136938776,-2.028906587,60
4,0.027427333,0.082410667,0.020602667,0.047696747,7.659574468,0.136938776,-2.028449127,60
4,0.039096667,0.080193333,0.020048333,0.048658491,7.692307692,0.137142857,-2.03026914,60
4,0.027648,0.046876667,0.011719167,0.02828751,7.868852459,0.137857143,-2.033798504,60
4,0.023201333,0.070254667,0.017563667,0.040833329,7.75862069,0.13744898,-2.021491229,60
4,0.042264,0.072229333,0.018057333,0.051416645,7.651434644,0.138979592,-2.001639751,60
4,0.032956667,0.06786,0.016965,0.042688564,7.75862069,0.137142857,-2.026598036,60
4,0.016562,0.045576667,0.011394167,0.027572088,7.868852459,0.137857143,-2.011888853,60
4,0.039435333,0.092929333,0.023232333,0.057336617,7.555089192,0.137653061,-2.017805183,60
4,0.037196667,0.071398,0.0178495,0.042174583,7.741935484,0.137040816,-2.030894854,60
4,0.030917333,0.056972,0.014243,0.03599283,7.817589577,0.137244898,-2.02782478,60
4,0.023022667,0.059639333,0.014909833,0.03581195,7.800650054,0.136734694,-2.028758271,60
4,0.024329333,0.058966,0.0147415,0.036595005,7.826086957,0.137040816,-2.025499668,60
4,0.032282667,0.086192667,0.021548167,0.052341004,7.610993658,0.137959184,-2.01408956,60
4,0.026766667,0.061294,0.0153235,0.03390363,7.834602829,0.137857143,-2.02953349,60
4,0.038974667,0.076153333,0.019038333,0.046415895,7.684098186,0.137040816,-2.030543923,60
1,0.049252333,0.066523333,0.016630833,0.04660362,7.725321888,0.138673469,-2.029109829,70
1,0.0584715,0.108647833,0.027161958,0.064519778,7.5,0.136836735,-2.031323561,70
1,0.040678167,0.090947167,0.022736792,0.059187466,7.56302521,0.137857143,-2.017224166,70
1,0.074890833,0.110197,0.02754925,0.071872359,7.39979445,0.138673469,-2.030840917,70
1,0.056943,0.089154667,0.022288667,0.057975028,7.570977918,0.138265306,-2.030013134,70
1,0.041939833,0.104898333,0.026224583,0.060578673,7.531380753,0.13755102,-2.028018444,70
1,0.0412365,0.074541667,0.018635417,0.046199118,7.733619764,0.137142857,-2.031842973,70
1,0.025422,0.0584935,0.014623375,0.03238565,7.868852459,0.136632653,-2.031122385,70
1,0.0336665,0.0901625,0.022540625,0.054875103,7.619047619,0.137040816,-2.02854679,70
1,0.049007833,0.099988833,0.024997208,0.061255342,7.539267016,0.137959184,-2.02011918,70
1,0.042247167,0.0908815,0.022720375,0.064790273,7.476635514,0.14122449,-1.973197594,70
1,0.056044833,0.084678167,0.021169542,0.053595948,7.610993658,0.139183673,-2.029907341,70
1,0.0335635,0.066756,0.016689,0.040783214,7.800650054,0.136734694,-2.033079834,70
1,0.048808667,0.105629333,0.026407333,0.060672085,7.523510972,0.136836735,-2.030294774,70
1,0.056294833,0.104743333,0.026185833,0.061554841,7.51565762,0.136632653,-2.034418134,70
1,0.041797,0.066138167,0.016534542,0.040443635,7.792207792,0.137959184,-2.032284485,70
1,0.073965833,0.116665167,0.029166292,0.070628275,7.39979445,0.139897959,-2.029232923,70
1,0.023823667,0.065707333,0.016426833,0.037569459,7.817589577,0.137346939,-2.024155278,70
1,0.034320667,0.103876667,0.025969167,0.064296898,7.468879668,0.13877551,-2.00907137,70
1,0.080869333,0.130319667,0.032579917,0.079733563,7.221664995,0.143435374,-2.012359883,70
1,0.048231333,0.082443,0.02061075,0.051517046,7.659574468,0.137346939,-2.029626709,70
1,0.025297,0.093023667,0.023255917,0.057598508,7.594936709,0.13877551,-2.008491194,70
1,0.0484095,0.098621,0.02465525,0.059856637,7.555089192,0.137142857,-2.02915855,70
1,0.042285167,0.059690167,0.014922542,0.03861259,7.817589577,0.138571429,-2.032650822,70
1,0.048678,0.097030667,0.024257667,0.054926309,7.610993658,0.13744898,-2.031324195,70
1,0.0739455,0.100561667,0.025140417,0.066851609,7.468879668,0.139489796,-2.029756146,70
1,0.050451167,0.109782,0.0274455,0.065830923,7.49219563,0.136938776,-2.029370143,70
1,0.041053667,0.096625333,0.024156333,0.056789899,7.586933614,0.137346939,-2.024155278,70
1,0.064395667,0.10846,0.027115,0.069685452,7.407407407,0.137346939,-2.029626709,70
1,0.048796,0.115078,0.0287695,0.067484282,7.438016529,0.137959184,-2.02011918,70
2,0.036134333,0.090442,0.0226105,0.05718869,7.602956705,0.137959184,-2.014236927,70
2,0.050798,0.108440667,0.027110167,0.072663319,7.37704918,0.138673469,-2.012265001,70
2,0.032846333,0.048709,0.01217725,0.031619925,7.868852459,0.137959184,-2.031948274,70
2,0.047889,0.08641,0.0216025,0.056717145,7.570977918,0.137857143,-2.018811634,70
2,0.074042,0.109475333,0.027368833,0.072953134,7.317073171,0.137653061,-2.030764968,70
2,0.043012333,0.080706,0.0201765,0.049057884,7.692307692,0.136632653,-2.032011704,70
2,0.048486667,0.088552667,0.022138167,0.058398157,7.531380753,0.136632653,-2.033890753,70
2,0.057496,0.109762,0.0274405,0.067415166,7.415036045,0.137653061,-2.028577297,70
2,0.047754333,0.110472333,0.027618083,0.068805971,7.392197125,0.136938776,-2.029640147,70
2,0.026453333,0.058421333,0.014605333,0.041954114,7.77537797,0.141122449,-1.973554886,70
2,0.038451667,0.048863667,0.012215917,0.034767633,7.826086957,0.139387755,-2.030061039,70
2,0.057936333,0.114144667,0.028536167,0.06486115,7.476635514,0.13755102,-2.031020474,70
2,0.024868667,0.056113667,0.014028417,0.031159255,7.868852459,0.13755102,-2.03101035,70
2,0.031196,0.059436667,0.014859167,0.03725456,7.826086957,0.137040816,-2.031978206,70
2,0.017104667,0.054899,0.01372475,0.035756826,7.817589577,0.139387755,-1.99618244,70
2,0.035083,0.073914667,0.018478667,0.047830271,7.708779443,0.138367347,-2.010383454,70
2,0.065679,0.153171333,0.038292833,0.090182848,7.024390244,0.151133787,-1.970648383,70
2,0.039562667,0.071627667,0.017906917,0.048356128,7.675906183,0.137755102,-2.019883987,70
2,0.048871333,0.105251667,0.026312917,0.061198817,7.523510972,0.137040816,-2.031396764,70
2,0.024726667,0.072806,0.0182015,0.038030923,7.809110629,0.136632653,-2.030091042,70
2,0.056721333,0.103971667,0.025992917,0.066078409,7.438016529,0.13755102,-2.028323681,70
2,0.025316333,0.061676333,0.015419083,0.042826155,7.77537797,0.141122449,-1.973554886,70
2,0.055346333,0.103073667,0.025768417,0.064020597,7.461139896,0.137142857,-2.02900843,70
2,0.079946,0.120845333,0.030211333,0.078607839,7.228915663,0.140918367,-2.020689777,70
2,0.062694667,0.129841,0.03246025,0.073173738,7.317073171,0.139829932,-2.021646575,70
2,0.032676,0.066415667,0.016603917,0.043335956,7.750269107,0.136632653,-2.031620136,70
2,0.016608333,0.045982667,0.011495667,0.029201797,7.877461707,0.138571429,-2.003070713,70
2,0.030361333,0.049262,0.0123155,0.03159559,7.860262009,0.136632653,-2.036366756,70
2,0.050459667,0.099595,0.02489875,0.058584543,7.578947368,0.137040816,-2.032026034,70
2,0.065105333,0.115040333,0.028760083,0.078206111,7.258064516,0.13744898,-2.02777546,70
3,0.033623833,0.0930975,0.023274375,0.053281921,7.602956705,0.136632653,-2.032662072,70
3,0.0694835,0.100389833,0.025097458,0.066279513,7.407407407,0.138571429,-2.031249303,70
3,0.063516167,0.0946745,0.023668625,0.064010107,7.461139896,0.137857143,-2.030352731,70
3,0.055751833,0.096034,0.0240085,0.060353764,7.531380753,0.137346939,-2.031753238,70
3,0.063594167,0.088849167,0.022212292,0.058626427,7.547169811,0.138979592,-2.030740376,70
3,0.039504667,0.085054667,0.021263667,0.048123446,7.675906183,0.136938776,-2.031569537,70
3,0.046649,0.1426005,0.035650125,0.073743016,7.302231237,0.139285714,-2.020719423,70
3,0.036467167,0.069563,0.01739075,0.043849778,7.725321888,0.13755102,-2.024294728,70
3,0.023728,0.063344167,0.015836042,0.033972102,7.843137255,0.136530612,-2.031846702,70
3,0.066067667,0.100826833,0.025206708,0.066845794,7.430340557,0.138163265,-2.029031009,70
3,0.0453335,0.1161555,0.029038875,0.063246853,7.438016529,0.136734694,-2.031612007,70
3,0.039688667,0.095181,0.02379525,0.057066106,7.555089192,0.137653061,-2.019342183,70
3,0.037608167,0.109374167,0.027343542,0.056902625,7.547169811,0.136734694,-2.030971921,70
3,0.024589,0.049505,0.01237625,0.02757952,7.903402854,0.13755102,-2.032120625,70
3,0.042603667,0.081429333,0.020357333,0.049591284,7.684098186,0.137142857,-2.028552574,70
3,0.040954167,0.0720155,0.018003875,0.044236393,7.733619764,0.136632653,-2.034090563,70
3,0.0234795,0.056282833,0.014070708,0.033062127,7.834602829,0.136632653,-2.031711402,70
3,0.031784833,0.103516333,0.025879083,0.061254872,7.507820647,0.138265306,-2.010522901,70
3,0.026276,0.064931167,0.016232792,0.034794348,7.843137255,0.136530612,-2.031846702,70
3,0.017318667,0.056249833,0.014062458,0.030791485,7.868852459,0.13755102,-2.024754938,70
3,0.0223185,0.057029333,0.014257333,0.031437486,7.860262009,0.136938776,-2.031707421,70
3,0.018061667,0.063159167,0.015789792,0.03369096,7.843137255,0.13877551,-2.019555118,70
3,0.022104,0.052204333,0.013051083,0.029188579,7.868852459,0.13755102,-2.03101035,70
3,0.032333333,0.0729165,0.018229125,0.042968141,7.750269107,0.136836735,-2.030738472,70
3,0.036293167,0.054699833,0.013674958,0.03479115,7.809110629,0.13877551,-2.031697735,70
3,0.029768333,0.044837667,0.011209417,0.03021152,7.877461707,0.137857143,-2.033340439,70
3,0.033122833,0.080334833,0.020083708,0.044459917,7.741935484,0.138265306,-2.028260768,70
3,0.045578,0.085648167,0.021412042,0.052744085,7.602956705,0.137040816,-2.030753805,70
3,0.033217333,0.060523667,0.015130917,0.034527889,7.826086957,0.137346939,-2.031645842,70
3,0.023334,0.057061333,0.014265333,0.032176422,7.860262009,0.136938776,-2.028966173,70
4,0.042096667,0.050197333,0.012549333,0.035215049,7.843137255,0.141122449,-2.026530796,70
4,0.046073333,0.06941,0.0173525,0.043430996,7.725321888,0.138571429,-2.031541229,70
4,0.038786667,0.058192667,0.014548167,0.035772111,7.826086957,0.140408163,-2.028289941,70
4,0.021346,0.053289333,0.013322333,0.035750348,7.792207792,0.13877551,-2.00907137,70
4,0.040324,0.076716,0.019179,0.047067812,7.684098186,0.137142857,-2.028552574,70
4,0.016339333,0.040502,0.0101255,0.022326238,7.929515419,0.136632653,-2.033253826,70
4,0.036498667,0.069712,0.017428,0.042920581,7.725321888,0.13744898,-2.028511978,70
4,0.026593333,0.069427333,0.017356833,0.040120543,7.766990291,0.13755102,-2.027672163,70
4,0.024931333,0.04846,0.012115,0.029331187,7.886089814,0.136938776,-2.031709858,70
4,0.022933333,0.063109333,0.015777333,0.039509678,7.77537797,0.135918367,-2.033425167,70
4,0.016038667,0.038249333,0.009562333,0.023445241,7.912087912,0.137040816,-2.023737598,70
4,0.014377333,0.046014,0.0115035,0.028389394,7.877461707,0.138571429,-2.003070713,70
4,0.039576,0.077944,0.019486,0.043817214,7.725321888,0.137142857,-2.032192049,70
4,0.040957333,0.088464667,0.022116167,0.051838277,7.643312102,0.136938776,-2.029370143,70
4,0.037278667,0.06841,0.0171025,0.042812993,7.725321888,0.137857143,-2.028317019,70
4,0.031558,0.0403,0.010075,0.029439904,7.877461707,0.137857143,-2.033340439,70
4,0.039207333,0.078968667,0.019742167,0.048672948,7.659574468,0.136938776,-2.029440879,70
4,0.01704,0.048460667,0.012115167,0.030240793,7.877461707,0.138571429,-2.006430368,70
4,0.026992667,0.065524,0.016381,0.040505173,7.783783784,0.137857143,-2.014786201,70
4,0.02263,0.041772667,0.010443167,0.027059019,7.903402854,0.137040816,-2.028666353,70
4,0.026521333,0.051618667,0.012904667,0.031520985,7.877461707,0.136734694,-2.03070316,70
4,0.054973333,0.094925333,0.023731333,0.055940947,7.578947368,0.137857143,-2.03202621,70
4,0.032964667,0.062541333,0.015635333,0.037635771,7.783783784,0.136938776,-2.029440879,70
4,0.046084667,0.070104667,0.017526167,0.04630382,7.700534759,0.137959184,-2.031660525,70
4,0.026504,0.048878667,0.012219667,0.032344145,7.860262009,0.137755102,-2.017670886,70
4,0.0412,0.080140667,0.020035167,0.046526785,7.708779443,0.136632653,-2.031868324,70
4,0.047594667,0.079551333,0.019887833,0.05777406,7.531380753,0.138673469,-2.00949178,70
4,0.039505333,0.06799,0.0169975,0.040070497,7.766990291,0.137346939,-2.032166386,70
4,0.030584667,0.059146667,0.014786667,0.035985756,7.792207792,0.137040816,-2.030753805,70
4,0.023552,0.049891333,0.012472833,0.027037166,7.903402854,0.13755102,-2.032120625,70
1,0.105614,0.156682833,0.039170708,0.099753085,6.870229008,0.155136054,-1.976073995,80
1,0.030852667,0.066434667,0.016608667,0.03905305,7.800650054,0.136734694,-2.033079834,80
1,0.041430333,0.064998667,0.016249667,0.040005155,7.792207792,0.137959184,-2.032284485,80
1,0.072624,0.106093833,0.026523458,0.065790853,7.461139896,0.139897959,-2.029232923,80
1,0.0323375,0.077031333,0.019257833,0.041870468,7.750269107,0.13877551,-2.026375315,80
1,0.049694833,0.090839,0.02270975,0.058842335,7.578947368,0.13744898,-2.027731163,80
1,0.0554035,0.073440667,0.018360167,0.051917016,7.643312102,0.13877551,-2.031697735,80
1,0.033477333,0.084225167,0.021056292,0.053975936,7.643312102,0.138979592,-2.001639751,80
1,0.041678,0.0669065,0.016726625,0.04321532,7.766990291,0.13744898,-2.03072263,80
1,0.033016667,0.063676667,0.015919167,0.040015509,7.77537797,0.13755102,-2.020152054,80
1,0.066495333,0.130376,0.032594,0.076110218,7.302231237,0.142891156,-2.009782304,80
1,0.030593667,0.073317,0.01832925,0.045592109,7.725321888,0.137959184,-2.014254817,80
1,0.057564833,0.104400667,0.026100167,0.05951217,7.547169811,0.137142857,-2.03306829,80
1,0.066980333,0.0986015,0.024650375,0.068310033,7.430340557,0.13744898,-2.026036354,80
1,0.048153167,0.0883645,0.022091125,0.055162911,7.602956705,0.13744898,-2.025270757,80
1,0.023738667,0.0586985,0.014674625,0.036445883,7.834602829,0.136938776,-2.026516619,80
1,0.066509833,0.093264667,0.023316167,0.061000458,7.547169811,0.13877551,-2.031697735,80
1,0.031158667,0.065690167,0.016422542,0.039613832,7.792207792,0.136530612,-2.031565091,80
1,0.073565667,0.1212035,0.030300875,0.072661249,7.346938776,0.140408163,-2.022405408,80
1,0.041280667,0.064775333,0.016193833,0.041531683,7.77537797,0.13755102,-2.031454031,80
1,0.057090667,0.094965333,0.023741333,0.05641251,7.578947368,0.138265306,-2.031060821,80
1,0.039494167,0.097929,0.02448225,0.056468135,7.586933614,0.136734694,-2.030802347,80
1,0.051571333,0.068999833,0.017249958,0.049466376,7.708779443,0.137755102,-2.031213804,80
1,0.031716333,0.079626667,0.019906667,0.048016209,7.692307692,0.136836735,-2.029331596,80
1,0.025853667,0.066446333,0.016611583,0.035368825,7.843137255,0.136530612,-2.031846702,80
1,0.038496,0.111446667,0.027861667,0.06042208,7.51565762,0.137040816,-2.026597737,80
1,0.032391333,0.098564333,0.024641083,0.060100101,7.547169811,0.137244898,-2.022721532,80
1,0.048622667,0.108066167,0.027016542,0.066712497,7.453416149,0.137040816,-2.027643432,80
1,0.0501125,0.114884167,0.028721042,0.067655142,7.445708376,0.137244898,-2.027351448,80
1,0.026389667,0.058763167,0.014690792,0.038183213,7.817589577,0.138979592,-2.001639751,80
2,0.031004,0.085241667,0.021310417,0.052038836,7.619047619,0.137244898,-2.025854403,80
2,0.033089,0.073872333,0.018468083,0.045435512,7.733619764,0.137040816,-2.030389347,80
2,0.042087333,0.073979333,0.018494833,0.050810648,7.675906183,0.137142857,-2.026598036,80
2,0.039634333,0.082144,0.020536,0.048810118,7.675906183,0.135918367,-2.035730462,80
2,0.042890333,0.106668333,0.026667083,0.059590721,7.56302521,0.136734694,-2.030442915,80
2,0.048607,0.070946667,0.017736667,0.046877445,7.708779443,0.138367347,-2.030872213,80
2,0.025799333,0.064294667,0.016073667,0.037032658,7.817589577,0.13744898,-2.029125036,80
2,0.056302667,0.079123333,0.019780833,0.05061351,7.651434644,0.139897959,-2.029169004,80
2,0.032141333,0.084611333,0.021152833,0.044179073,7.717041801,0.13877551,-2.026375315,80
2,0.042020667,0.096854667,0.024213667,0.059398685,7.547169811,0.136632653,-2.030441397,80
2,0.048375,0.062823667,0.015705917,0.041473606,7.766990291,0.140408163,-2.028289941,80
2,0.025073333,0.073197,0.01829925,0.05000692,7.692307692,0.141938776,-1.962343242,80
2,0.056696333,0.075814,0.0189535,0.050912677,7.675906183,0.139897959,-2.029232923,80
2,0.025208,0.043125667,0.010781417,0.025664586,7.920792079,0.137653061,-2.032734601,80
2,0.024653,0.030440333,0.007610083,0.02223557,7.938257993,0.139285714,-2.030494205,80
2,0.024945667,0.058022,0.0145055,0.03311437,7.868852459,0.136632653,-2.031122385,80
2,0.038852667,0.065613333,0.016403333,0.038757019,7.800650054,0.138877551,-2.030275111,80
2,0.022303667,0.054885,0.01372125,0.038783561,7.77537797,0.141122449,-1.973554886,80
2,0.041897,0.088093333,0.022023333,0.054495328,7.619047619,0.137346939,-2.026077203,80
2,0.041467667,0.089282,0.0223205,0.052934434,7.610993658,0.137142857,-2.02431598,80
2,0.046584,0.087053333,0.021763333,0.05017852,7.659574468,0.137346939,-2.032166386,80
2,0.047003,0.110564333,0.027641083,0.060572422,7.5,0.136632653,-2.031122385,80
2,0.071854667,0.111172333,0.027793083,0.068159403,7.392197125,0.138367347,-2.031458116,80
2,0.047442333,0.082964667,0.020741167,0.050504841,7.675906183,0.13744898,-2.032434962,80
2,0.073829667,0.122780667,0.030695167,0.073115709,7.339449541,0.140510204,-2.021184686,80
2,0.039459,0.080152667,0.020038167,0.046536712,7.700534759,0.136938776,-2.031709858,80
2,0.030667667,0.073511667,0.018377917,0.041724814,7.766990291,0.136938776,-2.02858327,80
2,0.05679,0.087557667,0.021889417,0.054384151,7.610993658,0.138367347,-2.031458116,80
2,0.047034,0.083508667,0.020877167,0.05166253,7.659574468,0.137346939,-2.029626709,80
2,0.034618667,0.075120667,0.018780167,0.044847427,7.750269107,0.136836735,-2.030738472,80
3,0.0272945,0.066608667,0.016652167,0.039196734,7.809110629,0.136836735,-2.028428061,80
3,0.062500167,0.1153235,0.028830875,0.071113052,7.302231237,0.13755102,-2.024269948,80
3,0.030656833,0.060632667,0.015158167,0.035515575,7.817589577,0.137040816,-2.032075652,80
3,0.049225,0.0920925,0.023023125,0.054057544,7.594936709,0.136734694,-2.032675937,80
3,0.0465845,0.093072,0.023268,0.054712918,7.570977918,0.13755102,-2.031020474,80
3,0.046326,0.053773333,0.013443333,0.039133795,7.766990291,0.14122449,-2.026054252,80
3,0.037351667,0.075141333,0.018785333,0.0459389,7.675906183,0.13755102,-2.018189745,80
3,0.051462,0.068543167,0.017135792,0.045646746,7.741935484,0.139081633,-2.03007033,80
3,0.024561,0.052734333,0.013183583,0.030933148,7.860262009,0.136326531,-2.031873877,80
3,0.051560833,0.059665167,0.014916292,0.047442404,7.643312102,0.138673469,-2.027696962,80
3,0.040560667,0.111401667,0.027850417,0.063206852,7.476635514,0.13744898,-2.024567075,80
3,0.038789167,0.088160167,0.022040042,0.049601044,7.667731629,0.136836735,-2.030294774,80
3,0.054943833,0.102111833,0.025527958,0.057265423,7.555089192,0.13877551,-2.029756767,80
3,0.038735667,0.064163667,0.016040917,0.04200354,7.75862069,0.137142857,-2.029762297,80
3,0.031249333,0.062802167,0.015700542,0.037787045,7.792207792,0.137142857,-2.02911329,80
3,0.015285667,0.036921833,0.009230458,0.021090871,7.947019868,0.136530612,-2.031565091,80
3,0.039268167,0.102959833,0.025739958,0.053874173,7.602956705,0.136632653,-2.031156706,80
3,0.0244445,0.085136667,0.021284167,0.047342312,7.675906183,0.13755102,-2.024754938,80
3,0.026871,0.0979505,0.024487625,0.058129697,7.555089192,0.13755102,-2.019528606,80
3,0.029933333,0.054695833,0.013673958,0.033563886,7.834602829,0.136632653,-2.034418134,80
3,0.050332,0.088733167,0.022183292,0.053245621,7.635206787,0.137142857,-2.032814258,80
3,0.0497675,0.105540833,0.026385208,0.059985912,7.531380753,0.137142857,-2.031484375,80
3,0.047461,0.104255333,0.026063833,0.057546316,7.570977918,0.137959184,-2.029247699,80
3,0.045969,0.113915,0.02847875,0.060916976,7.461139896,0.137142857,-2.031768714,80
3,0.016252667,0.047235,0.01180875,0.026660439,7.903402854,0.13755102,-2.019916596,80
3,0.040799667,0.083878167,0.020969542,0.056725187,7.547169811,0.138979592,-2.001639751,80
3,0.033547833,0.0956225,0.023905625,0.052491523,7.643312102,0.13877551,-2.019555118,80
3,0.021677,0.063657167,0.015914292,0.042473722,7.750269107,0.139897959,-1.989828915,80
3,0.039667167,0.076950333,0.019237583,0.044186331,7.725321888,0.13755102,-2.030967895,80
3,0.037075167,0.101267333,0.025316833,0.057765863,7.539267016,0.136938776,-2.031707421,80
4,0.044559333,0.082840667,0.020710167,0.049723375,7.627118644,0.136938776,-2.032431439,80
4,0.020168,0.056108667,0.014027167,0.029919776,7.877461707,0.136632653,-2.034418134,80
4,0.023622,0.065732667,0.016433167,0.038753737,7.783783784,0.136734694,-2.029117703,80
4,0.029524667,0.060712667,0.015178167,0.036945969,7.77537797,0.13755102,-2.020152054,80
4,0.024933333,0.056048667,0.014012167,0.03305485,7.851690294,0.137653061,-2.017711008,80
4,0.032536667,0.073058,0.0182645,0.046198837,7.717041801,0.137142857,-2.029179995,80
4,0.029906,0.080611333,0.020152833,0.046932355,7.708779443,0.137040816,-2.026597737,80
4,0.027687333,0.066795333,0.016698833,0.041149131,7.733619764,0.137142857,-2.024777281,80
4,0.031483333,0.065946667,0.016486667,0.039705534,7.792207792,0.137040816,-2.030753805,80
4,0.045668667,0.074868,0.018717,0.045334262,7.684098186,0.13755102,-2.032675079,80
4,0.013463333,0.034864667,0.008716167,0.025450205,7.903402854,0.141938776,-1.962343242,80
4,0.065276667,0.104335333,0.026083833,0.063392553,7.476635514,0.137959184,-2.031916422,80
4,0.016806667,0.070263333,0.017565833,0.039820744,7.77537797,0.136938776,-2.025455774,80
4,0.05106,0.131596,0.032899,0.07488753,7.250755287,0.143367347,-2.006939903,80
4,0.025008,0.060962667,0.015240667,0.04902355,7.619047619,0.141938776,-1.962343242,80
4,0.040174667,0.086539333,0.021634833,0.051185338,7.635206787,0.137142857,-2.026783404,80
4,0.023581333,0.06277,0.0156925,0.035493745,7.809110629,0.136632653,-2.030822084,80
4,0.045213333,0.075915333,0.018978833,0.047542056,7.659574468,0.13755102,-2.031198134,80
4,0.020694667,0.053777333,0.013444333,0.035448318,7.817589577,0.138979592,-2.001639751,80
4,0.038468667,0.070046,0.0175115,0.046012828,7.725321888,0.13755102,-2.024269948,80
4,0.022805333,0.082474667,0.020618667,0.051231236,7.610993658,0.138571429,-2.006430368,80
4,0.030856667,0.076302,0.0190755,0.0421116,7.741935484,0.137857143,-2.02953349,80
4,0.037738,0.085141333,0.021285333,0.057551675,7.531380753,0.138571429,-2.006593022,80
4,0.020523333,0.038863333,0.009715833,0.023420895,7.912087912,0.137040816,-2.033181189,80
4,0.028048667,0.078933333,0.019733333,0.049218016,7.708779443,0.137653061,-2.017805183,80
4,0.029233333,0.076149333,0.019037333,0.042108594,7.725321888,0.137142857,-2.024704817,80
4,0.068700667,0.115980667,0.028995167,0.070024012,7.324516785,0.14047619,-2.020310147,80
4,0.032388,0.074007333,0.018501833,0.041607857,7.77537797,0.137040816,-2.027231567,80
4,0.016346,0.043543333,0.010885833,0.031067355,7.843137255,0.141122449,-1.973554886,80
4,0.034078667,0.081530667,0.020382667,0.047266944,7.725321888,0.136734694,-2.03120811,80
1,0.015622667,0.0516225,0.012905625,0.039086875,7.809110629,0.142857143,-1.945910149,90
1,0.0892585,0.122881667,0.030720417,0.081310274,7.2,0.14170068,-2.02179208,90
1,0.017749,0.065233333,0.016308333,0.03984186,7.783783784,0.13877551,-2.008491194,90
1,0.040483667,0.0962405,0.024060125,0.057624994,7.56302521,0.137040816,-2.029454293,90
1,0.063828167,0.095778833,0.023944708,0.064365585,7.461139896,0.137857143,-2.03083769,90
1,0.0174445,0.049231833,0.012307958,0.033663274,7.851690294,0.142857143,-1.945910149,90
1,0.098401167,0.1300595,0.032514875,0.087468325,7.093596059,0.144081633,-2.011812983,90
1,0.033086167,0.089439167,0.022359792,0.050667264,7.675906183,0.137346939,-2.026466208,90
1,0.104932,0.147368167,0.036842042,0.100018622,6.837606838,0.153956916,-1.972693725,90
1,0.040691,0.130248,0.032562,0.068802326,7.407407407,0.137040816,-2.029036517,90
1,0.090735333,0.132091167,0.033022792,0.083417252,7.185628743,0.14170068,-2.021929449,90
1,0.0424405,0.121302333,0.030325583,0.075333485,7.302231237,0.138979592,-2.001639751,90
1,0.048533333,0.082258833,0.020564708,0.049802632,7.675906183,0.13744898,-2.032434962,90
1,0.048848667,0.090741833,0.022685458,0.058151244,7.578947368,0.13744898,-2.026086044,90
1,0.0578415,0.090014333,0.022503583,0.056536689,7.602956705,0.137959184,-2.032284485,90
1,0.090829833,0.144391333,0.036097833,0.092472785,6.983511154,0.1480428,-1.996276727,90
1,0.041946667,0.108682,0.0271705,0.0612117,7.547169811,0.137142857,-2.028191498,90
1,0.047337167,0.080312667,0.020078167,0.047771333,7.700534759,0.137857143,-2.030352731,90
1,0.032249833,0.0744025,0.018600625,0.041501038,7.783783784,0.137653061,-2.029908495,90
1,0.065739333,0.1126555,0.028163875,0.069105687,7.407407407,0.134706633,-2.019201394,90
1,0.057084,0.082098167,0.020524542,0.055086607,7.619047619,0.138877551,-2.029626692,90
1,0.026844667,0.079929,0.01998225,0.046675908,7.708779443,0.13755102,-2.01774898,90
1,0.0507715,0.068310833,0.017077708,0.048373281,7.717041801,0.13877551,-2.028712799,90
1,0.047494667,0.122227833,0.030556958,0.067788492,7.422680412,0.140680272,-2.018251082,90
1,0.0239655,0.042879167,0.010719792,0.028316169,7.894736842,0.13755102,-2.024269948,90
1,0.0398355,0.073796833,0.018449208,0.045574393,7.725321888,0.136938776,-2.031717327,90
1,0.072861333,0.123048333,0.030762083,0.073118077,7.346938776,0.14047619,-2.020310147,90
1,0.030619833,0.079577833,0.019894458,0.044695048,7.725321888,0.137142857,-2.024704817,90
1,0.040736,0.090668667,0.022667167,0.052672043,7.651434644,0.136938776,-2.031607246,90
1,0.050816167,0.153435167,0.038358792,0.083337499,7.157057654,0.144671202,-1.993409858,90
2,0.046284667,0.078557,0.01963925,0.047252103,7.684098186,0.137653061,-2.032734601,90
2,0.075621333,0.109358,0.0273395,0.069320937,7.422680412,0.138979592,-2.030740376,90
2,0.033672,0.097234,0.0243085,0.062448045,7.5,0.138163265,-2.010943311,90
2,0.06236,0.089585667,0.022396417,0.056255234,7.578947368,0.139897959,-2.029169004,90
2,0.063272667,0.098537,0.02463425,0.059933675,7.539267016,0.140408163,-2.028289941,90
2,0.040458,0.070546,0.0176365,0.045781615,7.717041801,0.13744898,-2.026086044,90
2,0.081127667,0.128908,0.032227,0.077414188,7.258064516,0.14122449,-2.021666885,90
2,0.033512333,0.063995667,0.015998917,0.03786957,7.809110629,0.136836735,-2.032503036,90
2,0.04808,0.095190333,0.023797583,0.057127974,7.56302521,0.136326531,-2.033522453,90
2,0.024168,0.058467,0.01461675,0.030831216,7.877461707,0.136632653,-2.034418134,90
2,0.047624333,0.079715333,0.019928833,0.052521044,7.635206787,0.137346939,-2.026532764,90
2,0.038528,0.079005333,0.019751333,0.054246208,7.594936709,0.138673469,-2.012265001,90
2,0.016839667,0.056207333,0.014051833,0.031808013,7.860262009,0.136632653,-2.02997224,90
2,0.023067333,0.042028333,0.010507083,0.026848133,7.894736842,0.13755102,-2.024269948,90
2,0.033921667,0.078620333,0.019655083,0.048212266,7.684098186,0.137653061,-2.017402474,90
2,0.048606,0.095238667,0.023809667,0.059040323,7.539267016,0.137142857,-2.028552574,90
2,0.064986667,0.104877,0.02621925,0.065713188,7.445708376,0.137755102,-2.031557426,90
2,0.025673667,0.076361,0.01909025,0.042276867,7.77537797,0.137142857,-2.02708897,90
2,0.041520333,0.066742,0.0166855,0.05118109,7.659574468,0.139387755,-1.996308216,90
2,0.032684,0.065760333,0.016440083,0.041292625,7.77537797,0.13755102,-2.020152054,90
2,0.030599667,0.057185333,0.014296333,0.037451761,7.809110629,0.138265306,-2.027145769,90
2,0.049676667,0.078755,0.01968875,0.048288693,7.692307692,0.137857143,-2.030352731,90
2,0.026362667,0.059482333,0.014870583,0.037873301,7.826086957,0.136836735,-2.028443059,90
2,0.023944667,0.086619333,0.021654833,0.047084123,7.692307692,0.138265306,-2.02190131,90
2,0.027004333,0.083072667,0.020768167,0.052638368,7.651434644,0.139897959,-1.989864764,90
2,0.048244333,0.114612,0.028653,0.06411138,7.49219563,0.137040816,-2.030543923,90
2,0.039572333,0.082545667,0.020636417,0.047377822,7.708779443,0.137040816,-2.03240547,90
2,0.038183,0.083400667,0.020850167,0.053948417,7.627118644,0.138265306,-2.010552508,90
2,0.022032333,0.048337333,0.012084333,0.029589701,7.886089814,0.137040816,-2.029635094,90
2,0.024603333,0.071522,0.0178805,0.038479257,7.792207792,0.13877551,-2.026375315,90
3,0.047384,0.0691575,0.017289375,0.043804223,7.725321888,0.137959184,-2.031916422,90
3,0.040346167,0.08897,0.0222425,0.051189455,7.610993658,0.137142857,-2.027133497,90
3,0.015401667,0.058986667,0.014746667,0.032237547,7.834602829,0.13755102,-2.024754938,90
3,0.051923333,0.087608667,0.021902167,0.055595182,7.56302521,0.137857143,-2.03083769,90
3,0.040358167,0.059917333,0.014979333,0.038207295,7.809110629,0.13877551,-2.031697735,90
3,0.031359833,0.064573167,0.016143292,0.040559265,7.766990291,0.138265306,-2.018261879,90
3,0.065137167,0.078812333,0.019703083,0.0551745,7.602956705,0.140408163,-2.028289941,90
3,0.062127167,0.085282667,0.021320667,0.059305471,7.507820647,0.13877551,-2.028712799,90
3,0.040767167,0.0482555,0.012063875,0.033694787,7.843137255,0.141122449,-2.026530796,90
3,0.0480085,0.079150833,0.019787708,0.049271648,7.675906183,0.13755102,-2.032465095,90
3,0.021003,0.041038167,0.010259542,0.024298815,7.912087912,0.137040816,-2.033181189,90
3,0.038886667,0.09382,0.023455,0.054712339,7.594936709,0.137142857,-2.026252995,90
3,0.028921333,0.066308,0.016577,0.04137022,7.725321888,0.137857143,-2.021413923,90
3,0.049076,0.117309,0.02932725,0.066615022,7.415036045,0.137040816,-2.029935565,90
3,0.043249,0.079770167,0.019942542,0.047810408,7.635206787,0.137142857,-2.032685356,90
3,0.071121,0.1426645,0.035666125,0.079679543,7.178464606,0.143707483,-2.007259385,90
3,0.030534333,0.061772167,0.015443042,0.03598674,7.809110629,0.136836735,-2.032503036,90
3,0.026644833,0.063333667,0.015833417,0.037188787,7.800650054,0.137142857,-2.027236777,90
3,0.064222167,0.0966,0.02415,0.060176266,7.531380753,0.138571429,-2.031541229,90
3,0.0473875,0.075927833,0.018981958,0.048777713,7.643312102,0.13755102,-2.024294728,90
3,0.0461975,0.089527167,0.022381792,0.052955327,7.627118644,0.137653061,-2.028577297,90
3,0.038953167,0.0950875,0.023771875,0.057610982,7.555089192,0.137653061,-2.019342183,90
3,0.029355833,0.046677,0.01166925,0.028549307,7.877461707,0.138571429,-2.032650822,90
3,0.036491667,0.0938645,0.023466125,0.062688354,7.468879668,0.139489796,-1.995850094,90
3,0.047202,0.110055167,0.027513792,0.064809471,7.453416149,0.13755102,-2.025098833,90
3,0.0449925,0.064850167,0.016212542,0.042070132,7.750269107,0.139897959,-2.029232923,90
3,0.033238333,0.056905333,0.014226333,0.036622177,7.826086957,0.137346939,-2.027831196,90
3,0.0254175,0.040317667,0.010079417,0.024485023,7.920792079,0.136734694,-2.037362241,90
3,0.0454815,0.09592,0.02398,0.057455476,7.547169811,0.137244898,-2.026975277,90
3,0.037321667,0.0705295,0.017632375,0.047802148,7.675906183,0.137142857,-2.026598036,90
4,0.016964667,0.04221,0.0105525,0.025239083,7.938257993,0.136632653,-2.031620136,90
4,0.022328667,0.043145333,0.010786333,0.028792008,7.860262009,0.137755102,-2.017670886,90
4,0.048572,0.094400667,0.023600167,0.056659044,7.578947368,0.136938776,-2.029520135,90
4,0.043567333,0.10981,0.0274525,0.061515329,7.484407484,0.137142857,-2.027133497,90
4,0.031027333,0.079427333,0.019856833,0.048842998,7.675906183,0.137244898,-2.028662877,90
4,0.017834667,0.044535333,0.011133833,0.026400611,7.886089814,0.137040816,-2.02854679,90
4,0.032938667,0.047489333,0.011872333,0.030763167,7.868852459,0.138163265,-2.032138188,90
4,0.035096,0.04815,0.0120375,0.031165599,7.817589577,0.139387755,-2.030285731,90
4,0.039647333,0.086056667,0.021514167,0.059625066,7.51565762,0.13877551,-2.00907137,90
4,0.023999333,0.069077333,0.017269333,0.037049554,7.800650054,0.13877551,-2.026375315,90
4,0.037978667,0.079096667,0.019774167,0.050895827,7.602956705,0.13755102,-2.020354614,90
4,0.020956667,0.054594,0.0136485,0.036979369,7.741935484,0.139081633,-2.00139055,90
4,0.021778667,0.061957333,0.015489333,0.040517915,7.77537797,0.141122449,-1.973554886,90
4,0.022667333,0.058945333,0.014736333,0.033950965,7.800650054,0.137040816,-2.027877303,90
4,0.030602,0.062435333,0.015608833,0.035440996,7.817589577,0.137040816,-2.032075652,90
4,0.031423333,0.064762,0.0161905,0.03709959,7.817589577,0.137346939,-2.031961722,90
4,0.046633333,0.130018,0.0325045,0.066767759,7.37704918,0.136938776,-2.032640433,90
4,0.015198667,0.051599333,0.012899833,0.029244676,7.868852459,0.137857143,-2.024026727,90
4,0.015336,0.058507333,0.014626833,0.031457076,7.834602829,0.13877551,-2.019555118,90
4,0.013378667,0.031376,0.007844,0.016991006,7.955801105,0.136938776,-2.034168277,90
4,0.026070667,0.069422667,0.017355667,0.039153828,7.766990291,0.136938776,-2.031675682,90
4,0.022195333,0.075385333,0.018846333,0.038654691,7.77537797,0.135816327,-2.035027651,90
4,0.037096667,0.056336667,0.014084167,0.034945152,7.826086957,0.139387755,-2.030285731,90
4,0.069039333,0.086327333,0.021581833,0.061185406,7.476635514,0.14122449,-2.026054252,90
4,0.039074667,0.088974,0.0222435,0.053350313,7.578947368,0.136836735,-2.030069308,90
4,0.044314,0.085286,0.0213215,0.048561731,7.659574468,0.13755102,-2.032675079,90
4,0.027949333,0.037170667,0.009292667,0.023727169,7.903402854,0.142857143,-2.021767756,90
4,0.030926,0.076512,0.019128,0.044212694,7.717041801,0.137040816,-2.026241521,90
4,0.0247,0.0542,0.01355,0.036359208,7.809110629,0.138571429,-2.006593022,90
4,0.033568,0.058596667,0.014649167,0.040492139,7.792207792,0.137755102,-2.017670886,90
