lijphart,raes,loosemorehanby,gallagher,enp,pca,governability,entropy,entropyseatprop,
0.0578943894389439,0.0303396864686469,0.121358745874587,0.0720814471992254,5.00785468826706,2.08848083733506,0.233333333333333,-1.52834489081247,-1.73382611037555,
0.0351768707482993,0.0216255102040816,0.0865020408163265,0.0513342232889458,5.60981308411215,2.06206133466441,0.189675453514739,-1.84030059858327,-1.86252051640319,
0.0418105177993527,0.028823786407767,0.115295145631068,0.0642635100372773,4.57481673134972,2.23311021253637,0.231111111111111,-1.59118916307688,-1.58920788485638,
0.0314064102564103,0.0188294871794872,0.0753179487179487,0.0413469817845946,4.96146788990826,2.25426227740189,0.231111111111111,-1.59118916307688,-1.68903209155693,
0.0383477987421384,0.0210571540880503,0.0842286163522013,0.0537053411760857,6.29115341545353,1.84492885594892,0.169365079365079,-1.86128261680761,-1.89121199060861,
0.0252595238095238,0.0200684523809524,0.0802738095238095,0.0431360089303578,4.8804780876494,2.32389149184518,0.233333333333333,-1.58588130530282,-1.6712793768724,
0.0613227272727273,0.0286138888888889,0.114455555555556,0.0685889611231298,3.73941243800076,1.59111680464704,0.333333333333332,-1.242453324894,-1.45004196705397,
0.133879824561404,0.0417754385964912,0.167101754385965,0.113392743098676,3.0791538723985,1.89493026271392,0.999999999999998,-1.11022302462516E-15,-1.37165572795704,
0.0314,0.0223166666666667,0.0892666666666667,0.0557551542211321,5.54323725055432,2.139890784294,0.18985260770975,-1.75397732172964,-1.804616764739,
0.0745450171821306,0.0247439432989691,0.0989757731958763,0.0694817672620763,5.02886157135222,1.91996347133245,0.233333333333333,-1.64361272054669,-1.74661910734993,
0.0846219298245614,0.0320673245614035,0.128269298245614,0.0810271220917168,3.53505679592636,1.61991764131168,0.35111111111111,-1.39330109298797,-1.50486035863939,
0.0216725490196079,0.0132987745098039,0.0531950980392157,0.0324106542281565,5.89127972819932,1.68655201092131,0.17563492063492,-1.83110449339924,-1.85319361193901,
0.0257666666666667,0.0143041666666667,0.0572166666666667,0.0426999707259853,6.19578686493185,1.90641750743344,0.176133786848072,-1.86439770223312,-1.9102926669733,
0.0515663522012579,0.0203044811320755,0.0812179245283019,0.050362469673634,5.40192307692308,1.97649869337572,0.212222222222222,-1.72351861399301,-1.80337870676985,
0.0487116838487973,0.0253003436426117,0.101201374570447,0.0615143259119154,5.14997263273125,2.13376567549563,0.23047619047619,-1.67712418923934,-1.7805235568715,
0.0387884615384615,0.0149323717948718,0.0597294871794872,0.0389864890663072,6.79396984924623,1.77471227241861,0.159353741496598,-1.94248326076337,-1.98841493123034,
0.0178961165048544,0.00955821197411003,0.0382328478964401,0.0236861794542671,6.38711619506322,1.64631467351242,0.163809523809524,-1.87015906399114,-1.89687215153844,
0.0347147058823529,0.022168137254902,0.0886725490196078,0.0519077367672078,5.27051671732523,2.06783584543895,0.190555555555555,-1.75582772302004,-1.75813134806803,
0.0326422330097087,0.0213163834951456,0.0852655339805825,0.0514646148608501,5.47702632937532,1.91116931793861,0.193333333333333,-1.71758859451062,-1.74509781471165,
0.0443,0.021075,0.0843,0.0500881140258512,4.70809792843691,1.85209218658023,0.227142857142857,-1.66106578119725,-1.6941643803605,
0.0672006872852234,0.0239730670103093,0.0958922680412371,0.0672098235180532,4.29438612505705,2.15520543484673,0.246666666666666,-1.63767090278549,-1.65641159038457,
0.0491891156462585,0.027481887755102,0.109927551020408,0.0653031772578516,4.6621359223301,1.60215020616294,0.229206349206349,-1.58524971776544,-1.6864672104446,
0.03929250764526,0.016631880733945,0.0665275229357798,0.0442300468713403,6.19770474700052,1.40035523513318,0.173968253968254,-1.82844018263519,-1.87977896400179,
0.0830739130434783,0.0366920289855072,0.146768115942029,0.0913038704122554,4.07707129094412,1.33175739763034,0.339999999999999,-1.36796565201965,-1.60613574225223,
0.0244912371134021,0.0153072594501718,0.0612290378006873,0.0380639890357027,5.32484436898698,1.67415313621774,0.209206349206349,-1.72613481262876,-1.79510518591078,
0.10330101010101,0.0347852272727273,0.139140909090909,0.0914639051222403,4.02174805088223,1.84008572954876,0.233333333333333,-1.60582529314988,-1.54168319654334,
0.0404608843537415,0.0316531462585034,0.126612585034014,0.0688135493364838,4.7078431372549,2.14621638111295,0.233333333333333,-1.52834489081247,-1.60675305243542,
0.046402380952381,0.0232464285714286,0.0929857142857143,0.0538158791021518,4.55390334572491,1.91978658067948,0.277777777777777,-1.40672369477982,-1.61750605411902,
0.05805,0.0225958333333333,0.0903833333333334,0.0574463421135082,4.17362270450751,1.85546075526621,0.399999999999999,-1.22752941145721,-1.62435555326045,
0.0541564102564103,0.0244900641025641,0.0979602564102564,0.0656700352939068,4.54835996635828,2.07981686562483,0.277777777777777,-1.40672369477982,-1.63524355077184,
0.0247525252525252,0.0159886363636364,0.0639545454545454,0.0414998259886233,6.1758034026465,2.03543822964868,0.164897959183673,-1.91444914239661,-1.89676379115326,
0.0550816831683169,0.0250357260726073,0.100142904290429,0.0585036626018746,4.38752688172043,1.77860050592597,0.231111111111111,-1.59118916307688,-1.59373068725412,
0.0275580906148867,0.0164064724919094,0.0656258899676375,0.0418758890879,6.45709068776628,1.79571525286387,0.164489795918367,-1.90718834066111,-1.94384258759305,
0.0421005154639175,0.0145219931271478,0.0580879725085911,0.0379332800023976,5.69207501512402,2.08575645427458,0.188253968253968,-1.79979252110802,-1.83524543677845,
0.0427590759075908,0.0291114686468647,0.116445874587459,0.0616368432530259,5.50512682137075,1.97056398901755,0.186031746031746,-1.76987602446988,-1.78502336971681,
0.055564465408805,0.0206367924528302,0.0825471698113208,0.0545306444614069,6.3123595505618,2.0529201999253,0.163809523809524,-1.87442879571868,-1.88894463901497,
0.0318481481481482,0.013937037037037,0.0557481481481482,0.0329330913338104,5.0146173688736,1.46988049401476,0.239999999999999,-1.6094379124341,-1.70377497489999,
0.0527461538461539,0.0225557692307692,0.0902230769230769,0.0531517218210697,5.408,2.22319252775473,0.199206349206349,-1.75338763690146,-1.79515118806014,
0.0418818770226537,0.0178798948220065,0.0715195792880259,0.0468142182931028,6.0244179443498,2.08318306496036,0.18031746031746,-1.83364555184622,-1.90642755030665,
0.0212069182389937,0.0126295597484277,0.0505182389937107,0.0332167065862355,5.57894736842105,2.15819733448448,0.193333333333333,-1.709476590723,-1.75323484576834,
0.0289512820512821,0.0166227564102564,0.0664910256410256,0.0383806033478694,5.44612286002014,1.89542242074723,0.181961451247165,-1.78328611219054,-1.80023426502597,
0.0767696078431372,0.020175,0.0807,0.0660122888041626,4.44235695986337,2.08718343692547,0.304999999999999,-1.47170372958877,-1.64922750573211,
0.0682854609929078,0.0256843971631206,0.102737588652482,0.0665790488091409,4.61169102296451,2.19941521817414,0.260124716553287,-1.6503405209399,-1.7619132535721,
0.0209679487179487,0.017550641025641,0.0702025641025641,0.0388349503180633,4.86330935251799,1.93782285660575,0.21,-1.62687951722625,-1.63907026096135,
0.0393166666666667,0.0142291666666667,0.0569166666666667,0.0384824202288092,6.5359477124183,2.1585956502472,0.161972789115646,-1.92438779693546,-1.95216258306739,
0.0714039215686275,0.0231654411764706,0.0926617647058823,0.0647018219611345,5.0850439882698,1.77824679313604,0.264761904761904,-1.62790297206649,-1.82002620617361,
0.0651137540453074,0.0264880663430421,0.105952265372168,0.0668550645090287,4.17841669948799,2.18146593329098,0.279999999999999,-1.41293362607351,-1.55792506069339,
0.0221729559748428,0.0192335691823899,0.0769342767295597,0.0482256858442401,6.26309921962096,2.29266415373211,0.168253968253968,-1.8651219573259,-1.91865747806947,
0.103883333333333,0.0314333333333333,0.125733333333333,0.0873464112345525,4.13644524236984,2.06579730527504,0.418514739229024,-1.30218286144354,-1.70480358141422,
0.0214928571428571,0.0128607142857143,0.0514428571428571,0.0298915390086959,7.27722772277228,2.07334016049068,0.142993197278911,-2.00647520596896,-2.02770159714401,
0.05065,0.0221708333333333,0.0886833333333333,0.0539488518053082,4.59136822773186,2.11178076332234,0.276587301587301,-1.53700959273876,-1.68653313550298,
0.058536292834891,0.0192671728971963,0.0770686915887851,0.0506488102874177,5.14561797752809,1.8425613875015,0.239999999999999,-1.6094379124341,-1.71401431071264,
0.0387076923076923,0.0206208333333333,0.0824833333333333,0.0496929023409156,6.64373464373464,1.90329991973148,0.157743764172335,-1.93963704749556,-1.96535355259782,
0.0334935897435897,0.0171733974358974,0.0686935897435897,0.0388227548001112,5.9103825136612,2.22542360151271,0.22157029478458,-1.79950877361138,-1.91104833460704,
0.0580263736263736,0.0211461538461538,0.0845846153846154,0.0552477006579864,4.654862282181,1.62790200524303,0.297596371882085,-1.54769977733426,-1.75640732670352,
0.0434562893081761,0.0187626572327044,0.0750506289308176,0.0438973402920022,6.119825708061,2.17466508831132,0.18031746031746,-1.80194716025469,-1.87347098393807,
0.0329384615384615,0.0125217948717949,0.0500871794871795,0.03091296271746,6.19473081328751,2.19836886822896,0.169206349206349,-1.85000784203502,-1.87981125896666,
0.0638804964539007,0.0307421985815603,0.122968794326241,0.0723934057332036,4.56404958677686,2.10490247143188,0.309523809523809,-1.3760611084903,-1.68073428756403,
0.0625,0.0319208333333333,0.127683333333333,0.0716153828137193,4.12533572068039,1.84626655661324,0.284954648526076,-1.48496324085867,-1.62383291019723,
0.0360846153846154,0.0170548076923077,0.0682192307692308,0.0409471695836224,6.97806451612903,1.30422470236627,0.142857142857143,-2.02176775641029,-2.01303327345528,
0.0408375404530744,0.0239640776699029,0.0958563106796116,0.0591381856040901,4.54346895074947,2.14483970332578,0.233333333333333,-1.52834489081247,-1.65398332342094,
0.0318924092409241,0.0158332508250825,0.06333300330033,0.036915404208911,6.29302899444787,2.02161625524708,0.192108843537415,-1.77460206620506,-1.93195735836879,
0.0478833333333333,0.0314041666666667,0.125616666666667,0.0673813483919038,3.94632991318074,1.91701000644005,0.333333333333333,-1.09861228866811,-1.48501573793359,
0.0250940251572327,0.0136602987421384,0.0546411949685534,0.0352207945270069,5.63490471414243,1.53657208036002,0.188095238095238,-1.77978561994187,-1.81857286365404,
0.0205222222222222,0.0183944444444444,0.0735777777777778,0.0451887538435936,6.04352331606218,1.91480378972575,0.194761904761904,-1.74484905501578,-1.86764266292358,
0.0120575471698113,0.0117062893081761,0.0468251572327044,0.0320948239776757,6.60941176470588,2.07616448228558,0.14954081632653,-1.93227866309708,-1.95145026206427,
0.0375989898989899,0.0167339646464646,0.0669358585858586,0.0399953449936503,5.42991689750692,2.25021437942462,0.227301587301587,-1.72681146188434,-1.82590928581681,
0.0430610561056106,0.0275001650165017,0.110000660066007,0.0614340423238387,5.271834625323,1.87698805563824,0.22031746031746,-1.68136078108702,-1.77258166290337,
0.0445690721649484,0.0140405927835051,0.0561623711340206,0.0429694110211573,5.70588235294118,1.83147260268316,0.203310657596371,-1.79240097377513,-1.87373449183435,
0.082221768707483,0.0326931972789116,0.130772789115646,0.079632836367208,3.86634460547504,2.0340939829833,0.304999999999999,-1.47170372958877,-1.5026273964205,
0.0514060137457045,0.0259433419243986,0.103773367697595,0.0689988685815684,5.40436530729466,2.02250302206472,0.193333333333333,-1.68838702255263,-1.78317297257582,
0.02615,0.0132147435897436,0.0528589743589744,0.031626716027224,5.54666666666667,1.9136345016662,0.177777777777778,-1.80566903448094,-1.79981953512453,
0.0339616161616161,0.0252642676767677,0.101057070707071,0.0580579384091898,5.68833430063842,1.92948407059102,0.187619047619047,-1.82763792130756,-1.87785189768341,
0.0762393939393939,0.0238747474747475,0.0954989898989899,0.0664215789187258,4.5992491787893,1.95929143529848,0.345578231292516,-1.50678706197813,-1.78782686648798,
0.0252401960784314,0.0152617647058824,0.0610470588235294,0.0355137753027651,6.5187969924812,1.99632581857546,0.163854875283447,-1.90412721266487,-1.94763485033235,
0.0206970588235294,0.0119289215686275,0.0477156862745098,0.0321010593342435,6.27503015681544,1.68160534367037,0.170555555555555,-1.84604511932028,-1.88370843717954,
0.0335638364779874,0.0180464622641509,0.0721858490566038,0.0408927230212409,6.31946006749156,1.77404393323795,0.168253968253968,-1.8651219573259,-1.89402929950134,
0.0200168284789644,0.0131888349514563,0.0527553398058252,0.0301210886795736,6.20046756282876,2.09909347910178,0.169886621315193,-1.89347345084277,-1.92695131475907,
0.0365380952380953,0.0200821428571429,0.0803285714285715,0.0449256335628159,5.09237875288684,2.04400152985819,0.193333333333333,-1.71758859451062,-1.70271907752504,
0.024462962962963,0.0122597222222222,0.0490388888888889,0.0323158618635422,5.11578947368421,2.18320947549381,0.2,-1.6094379124341,-1.6766397132285,
0.0338272727272727,0.0158693181818182,0.0634772727272727,0.0435247983554251,5.71486880466472,2.07240637491601,0.188253968253968,-1.79979252110802,-1.83704270601476,
0.0499804207119741,0.0193961569579288,0.0775846278317152,0.0467490579801519,4.90930124942156,1.60720491677543,0.23047619047619,-1.67712418923934,-1.7445917455508,
0.0329463696369637,0.0149494224422442,0.0597976897689769,0.0388042343766257,5.75352509870276,2.07835406781146,0.218095238095237,-1.74144053430259,-1.85359021428812,
0.0327041254125413,0.0159143564356436,0.0636574257425743,0.0354947886751199,6.34785314250156,2.13040733401248,0.168253968253968,-1.8651219573259,-1.89561562910761,
0.0275381877022654,0.0156253236245955,0.0625012944983819,0.033987778146291,7.14410774410774,1.81543108608929,0.142312925170068,-2.00825223564427,-2.01707545068897,
0.0358617647058823,0.0242558823529412,0.0970235294117647,0.0529998283041476,5.58154506437768,1.83343876297991,0.190555555555555,-1.72164615135371,-1.75482403486044,
0.0305908163265306,0.0227272959183673,0.0909091836734694,0.0528060131540052,5.10851063829787,1.97524533197379,0.22031746031746,-1.66619645378682,-1.75879589881952,
0.0493166666666667,0.0189958333333333,0.0759833333333333,0.0498514459837091,5.42888165038002,2.03037280055162,0.191428571428571,-1.78875674509361,-1.80349816918121,
0.0558660066006601,0.030294595709571,0.121178382838284,0.0696418207050097,4.04641015470052,1.76916671539805,0.272698412698412,-1.49512761684517,-1.51888015385142,
0.0224357142857143,0.0131678571428571,0.0526714285714286,0.0343524501794753,6.70212765957447,1.56414691387334,0.144761904761905,-1.93930203053025,-1.92347835693779,
0.0589883838383838,0.0185239898989899,0.0740959595959596,0.0503594610658714,4.57349510032665,1.91141806914267,0.363809523809523,-1.40227701616599,-1.72203897012809,
0.0455378787878788,0.0272083333333333,0.108833333333333,0.0644798973758128,5.86535008976661,2.20704629546076,0.182539682539682,-1.81794885212289,-1.85119299858777,
0.0507130363036304,0.0216641501650165,0.086656600660066,0.0520132758123074,5.57736468015309,1.99723108903612,0.218367346938775,-1.75030520745177,-1.8796422742322,
0.0680380952380952,0.0230037414965986,0.0920149659863946,0.0603694552328403,3.43736578382248,2.12933963647158,0.333333333333333,-1.242453324894,-1.39194703006216,
0.0626547619047619,0.0266958333333333,0.106783333333333,0.0677417298798915,5.32866118898018,2.10104401726265,0.186031746031746,-1.76581541158783,-1.74881942308844,
0.0461404290429043,0.0240165841584158,0.0960663366336634,0.0603908478349779,4.87386526516961,2.20366345076992,0.22031746031746,-1.67116646466486,-1.7104586148643,
0.0325364686468647,0.0206293729372937,0.0825174917491749,0.0521833806422761,5.76653476540418,2.14453071133292,0.186712018140589,-1.77362152435683,-1.83996684722498,
0.0222333333333334,0.0129517857142857,0.0518071428571429,0.0313975902494027,4.92847563701386,2.11823456437967,0.191111111111111,-1.71408754118701,-1.67481398730435,
0.0463639455782313,0.0245567176870748,0.0982268707482993,0.0568196119709198,5.24235807860262,1.95585152187683,0.230623582766439,-1.71361672637357,-1.82460759352026,
0.0823166666666666,0.0282291666666667,0.112916666666667,0.0748402520929301,3.99653078924545,1.72034698450997,0.406190476190475,-1.27317995539181,-1.62885962356671,
0.0311166666666667,0.0199589285714286,0.0798357142857143,0.044427163441682,6.45869947275923,2.00107502713991,0.172789115646258,-1.91417644253234,-1.97084616667741,
0.040160606060606,0.0259582070707071,0.103832828282828,0.0590785404434165,4.94251134644478,2.1095676320346,0.233333333333333,-1.58588130530282,-1.72328657091516,
0.0250442244224422,0.0102714933993399,0.0410859735973597,0.0269419037366391,6.88791357191087,2.11166526438298,0.153741496598639,-1.92717483365089,-1.9831373425491,
0.0260894389438944,0.0179695544554455,0.0718782178217822,0.0391393578270177,5.36612309310889,1.4374669940251,0.191111111111111,-1.75471578739697,-1.78319796586553,
0.0545129449838188,0.0184500809061489,0.0738003236245955,0.0518719191812334,5.25458147597821,2.03236195894745,0.2,-1.70947277658421,-1.7722111085912,
0.0347351132686084,0.0167406148867314,0.0669624595469256,0.0461946824992399,5.8710570005534,2.07567339001334,0.18031746031746,-1.84387465775758,-1.88733832091298,
0.0218785714285714,0.0185994047619048,0.074397619047619,0.0449508517824047,5.86124401913876,1.904874561795,0.18031746031746,-1.80194716025469,-1.84406572576761,
0.0326333333333333,0.0203791666666667,0.0815166666666667,0.043132393086094,5.35331905781585,1.66277295014022,0.216190476190476,-1.70738271581623,-1.79733370334757,
0.0376616161616161,0.0329705808080808,0.131882323232323,0.073316356309418,4.51450944265316,1.79873919505621,0.231111111111111,-1.59118916307688,-1.58181277899725,
0.103963475177305,0.0327505319148936,0.131002127659574,0.0908037292917093,3.54290296712109,2.15229057569103,0.466666666666665,-1.17299347243951,-1.53904235889356,
0.0789485815602837,0.0264209219858156,0.105683687943262,0.0709367566994266,3.83840139009557,1.94488633344802,0.373968253968253,-1.32913722026798,-1.55587065084311,
0.0173939393939394,0.00970265151515151,0.0388106060606061,0.0216435465222455,6.17977528089888,2.09090539364178,0.178888888888889,-1.79065041747987,-1.85717682508015,
0.0654414089347079,0.0198392182130584,0.0793568728522337,0.0591983006667156,4.43611504007544,2.12040354852541,0.239999999999999,-1.6094379124341,-1.68601432580375,
0.0648666666666666,0.01745,0.0698,0.0575189799592756,5.32101616628176,2.10845384131364,0.231269841269841,-1.74618516233642,-1.8437518499071,
0.0467676375404531,0.0253686084142395,0.101474433656958,0.0622745842514958,5.39898218829517,1.49246405145298,0.193333333333333,-1.709476590723,-1.7338713709778,
0.0395959595959596,0.0261143939393939,0.104457575757576,0.0588798329922096,5.2892606583918,1.88475041695314,0.193333333333333,-1.71758859451062,-1.76837071899806,
0.0402333333333333,0.013625,0.0545,0.0349053800374033,5.87544065804935,2.11949833262752,0.176190476190476,-1.82637485223659,-1.83493035157673,
0.0298392156862745,0.0146865196078431,0.0587460784313726,0.0368765965971092,6.20023837902265,1.92530120489965,0.168253968253968,-1.8651219573259,-1.88573266236981,
0.0296470588235294,0.020118137254902,0.0804725490196078,0.0467242540237028,6.5025,1.66349821724775,0.169739229024943,-1.88362090439435,-1.94802733837978,
0.0348570957095709,0.0241550742574257,0.0966202970297029,0.055255335470364,5.5289972899729,1.97353726671803,0.193333333333333,-1.709476590723,-1.79154478824591,
0.0959249140893471,0.0397892611683849,0.159157044673539,0.09559172892928,2.88177641653905,1.3560371722093,0.333333333333332,-1.242453324894,-1.21746391200751,
0.0268647058823529,0.0206897058823529,0.0827588235294117,0.0487100219657898,4.92613636363636,1.9308105653358,0.211428571428571,-1.70191260341634,-1.71023180427152,
0.066951754385965,0.0286997807017544,0.114799122807018,0.0725053417705,4.70787689097548,1.903423752795,0.286666666666666,-1.52329676149686,-1.70561330261765,
0.0289560137457045,0.0194887886597938,0.0779551546391753,0.0439149973391409,6.2768512341561,1.30171919334869,0.166213151927437,-1.91346382264156,-1.94285148054688,
0.034310606060606,0.024972095959596,0.0998883838383838,0.0581857280466748,5.49691531127314,1.63117896929474,0.190430839002267,-1.78305386356299,-1.82706750949861,
0.0280577981651376,0.0170728593272171,0.0682914373088685,0.0380128021757054,6.0959466393022,1.77607190872852,0.18031746031746,-1.79694186671248,-1.86347633433848,
0.0352392156862745,0.0145225490196078,0.0580901960784314,0.0361611932910224,6.15621301775148,1.80861079288426,0.179353741496598,-1.8777848578106,-1.93546458086805,
0.0343205128205128,0.016075,0.0643,0.0437815836405554,5.80257510729614,1.82615929873371,0.178095238095238,-1.80182035659584,-1.81686150439795,
0.0258613268608414,0.0172624595469256,0.0690498381877023,0.0407941229564922,5.89716509171762,1.71146409533186,0.172789115646258,-1.91241843769169,-1.91590333260103,
0.0771285223367698,0.0310555412371134,0.124222164948454,0.0748550158949306,3.42768670309654,1.8929979873975,0.279999999999999,-1.41293362607351,-1.37049307976243,
0.0319214285714286,0.0150928571428571,0.0603714285714286,0.0371691235727389,5.69767441860465,2.20021898597153,0.168253968253968,-1.8651219573259,-1.841251406108,
0.0333724489795919,0.00870850340136055,0.0348340136054422,0.0268271579935592,6.0025,1.82633617061179,0.209897959183673,-1.81893208331378,-1.94467369418257,
0.0190448598130841,0.0134878894080997,0.0539515576323987,0.0279000257644305,6.63710144927536,2.13041819201562,0.168253968253968,-1.8651219573259,-1.96154655942085,
0.061059649122807,0.0321021929824561,0.128408771929825,0.0731962317196052,3.71246400658165,2.14589799850061,0.333333333333332,-1.242453324894,-1.44284595630551,
0.0296990566037736,0.0160547169811321,0.0642188679245283,0.0376463804296737,5.15412844036697,2.01758957044995,0.224920634920635,-1.65068091907189,-1.73991057855826,
0.0349150943396226,0.0145903301886792,0.058361320754717,0.0371446532574271,5.25537885874649,2.32155804847546,0.193333333333333,-1.709476590723,-1.71576919660446,
0.0341050161812298,0.0180574838187702,0.0722299352750809,0.0440027238384527,4.90930124942156,1.48162203038761,0.239999999999999,-1.6094379124341,-1.71440831826213,
0.0279716828478965,0.0168682038834951,0.0674728155339806,0.0421711386835502,5.49404453650958,2.12124594213428,0.227301587301587,-1.72681146188434,-1.83375327465835,
0.0516166666666666,0.0278291666666667,0.111316666666667,0.0678291747292007,5,1.37210771732244,0.228095238095238,-1.6286768125761,-1.7256707318677,
0.0574012820512821,0.0212067307692308,0.0848269230769231,0.0576240297109764,7.06928104575163,2.26631260842157,0.140918367346939,-2.00470007330426,-2.00030476805294,
0.0683192556634304,0.0231475323624595,0.0925901294498381,0.0610667545080184,5.8840820854132,1.65200697901659,0.176190476190476,-1.8375764212014,-1.85653140806301,
0.0248780373831775,0.0106129283489097,0.0424517133956386,0.0260760450101855,6.028962611901,1.89092298864459,0.177777777777777,-1.89318487212763,-1.92827572487904,
0.0297119741100324,0.0171400485436893,0.0685601941747573,0.0422545352241302,5.58662453923117,1.96808040396291,0.191111111111111,-1.71408754118701,-1.79656849667472,
0.0419774509803922,0.0136745098039216,0.0546980392156863,0.0398116990856086,5.96559633027523,2.27637607721568,0.173968253968254,-1.83250068964289,-1.85429485342089,
0.0457704301075269,0.0299747311827957,0.119898924731183,0.0633248432088841,5.42257053291536,2.19147141260497,0.217414965986394,-1.71616917218013,-1.84184618424069,
0.0309080906148867,0.0182638349514563,0.0730553398058252,0.044510608637681,5.63409453000531,2.14269318281612,0.2,-1.6094379124341,-1.7793790793161,
0.0408764604810996,0.0201794673539519,0.0807178694158076,0.0483651540470656,5.42931332948644,2.15187501689314,0.204761904761904,-1.79534175760797,-1.86688066352778,
0.0324692307692308,0.0136730769230769,0.0546923076923077,0.0336755985134633,5.87826086956522,2.38309811329505,0.18031746031746,-1.79694186671248,-1.83284917829253,
0.0492666666666667,0.0274166666666667,0.109666666666667,0.0634579935425352,4.68603561387066,1.71943013748742,0.233333333333333,-1.52834489081247,-1.62094195304779,
0.0350792929292929,0.0242965909090909,0.0971863636363636,0.0554166430124848,5.27786752827141,2.11793758100662,0.198503401360544,-1.79708104535593,-1.80766360163453,
0.0453098039215687,0.0281428921568628,0.112571568627451,0.0631231242940803,5.17097415506958,1.90637144577093,0.225498866213151,-1.65880216725961,-1.77638358851819,
0.0500205882352941,0.0232982843137255,0.0931931372549019,0.0568104661130054,4.1616,2.09151497115057,0.250555555555555,-1.5423104588432,-1.53632102465628,
0.0429939716312057,0.0240133865248227,0.0960535460992908,0.0611753051914606,4.86028602860286,1.88079359540159,0.233968253968253,-1.60408641355741,-1.70073025457162,
0.0531666666666667,0.0213583333333333,0.0854333333333334,0.0518654830627589,4.72143531633616,1.99515158432649,0.227499999999999,-1.55220012270749,-1.6615391956567,
0.06385,0.0230708333333333,0.0922833333333333,0.0588257077211051,4.56204379562044,1.87741508396386,0.237777777777777,-1.65170325040705,-1.69789401842692,
0.0208547619047619,0.00945,0.0378,0.025498225228355,6.148912437256,2.02158470864615,0.176190476190476,-1.82637485223659,-1.87270772250598,
0.019212783171521,0.0122191343042071,0.0488765372168285,0.0303883065364799,7.3317208016586,1.62282130890268,0.137959183673469,-2.01650517396894,-2.02802448814895,
0.0627636363636364,0.0192748737373737,0.0770994949494949,0.053582757904941,5.0756084930088,1.95941886529809,0.203809523809523,-1.7461920436942,-1.74118470785979,
0.0446442176870748,0.0290065476190476,0.11602619047619,0.0630174546573381,4.89500509683996,2.22926098248474,0.223004535147392,-1.67904254702109,-1.72715281728744,
0.0383333333333334,0.0199744047619048,0.0798976190476191,0.0445953394095409,6.80975911056207,2.13130996714677,0.161088435374149,-1.90873304558538,-1.9815650823279,
0.0410666666666667,0.0219833333333333,0.0879333333333333,0.0577424598252159,5.21376433785193,1.9032746087018,0.222698412698412,-1.64925017229825,-1.75575638742442,
0.0697666666666666,0.0271625,0.10865,0.0693866882045829,3.94520547945206,2.00225932177686,0.334999999999999,-1.33136678010348,-1.51874507405315,
0.0223555555555555,0.0150718434343434,0.0602873737373737,0.0424722544098333,6.86825508058865,2.16173828189162,0.142721088435374,-2.00355653418446,-1.98806947579693,
0.0444053459119497,0.0170660377358491,0.0682641509433962,0.0446154450608434,5.39673390970221,1.70601881438199,0.238095238095237,-1.70677065854507,-1.82757696903345,
0.0598176767676767,0.0319902777777778,0.127961111111111,0.0720249734507523,4.91278195488722,1.5959433795607,0.253560090702947,-1.64170346348778,-1.75461121478077,
0.0472846534653465,0.016989397689769,0.0679575907590759,0.0431611027315356,4.96882610813444,1.3272051362454,0.254920634920634,-1.63808782982603,-1.76662039116272,
0.0207190476190476,0.0102684523809524,0.0410738095238095,0.0254516879276669,7.15444516547696,2.1946551441155,0.137142857142857,-2.02756641337902,-2.01378024739215,
0.029243399339934,0.0174183168316832,0.0696732673267327,0.0457658753069738,5.33804290947148,1.82212472932611,0.201179138321995,-1.7425156996534,-1.78291079718496,
0.035697619047619,0.0271696428571429,0.108678571428571,0.0593292056482905,5.03194888178914,1.48153121832312,0.2,-1.6094379124341,-1.68431782076886,
0.0401,0.0209708333333333,0.0838833333333333,0.0498199647620197,5.35191637630662,2.20013881987065,0.21579365079365,-1.76168174003438,-1.85293928412857,
0.0302047619047619,0.0119214285714286,0.0476857142857143,0.0303163893582138,5.44444444444444,1.55630655556758,0.202222222222222,-1.76991685651252,-1.80737085840285,
0.031281067961165,0.0145152508090615,0.058061003236246,0.0398537740995492,6.16443927948867,2.12359287748173,0.169886621315193,-1.87183730365864,-1.91157186107444,
0.04555,0.0297458333333333,0.118983333333333,0.066148851505945,5.05050505050505,2.1874991997731,0.201746031746031,-1.73415744463503,-1.74135488902352,
0.0475126262626263,0.029020202020202,0.116080808080808,0.0640315014663302,4.9177119919719,1.95578523053374,0.231111111111111,-1.59118916307688,-1.69813600220722,
0.0375058558558559,0.0129463963963964,0.0517855855855856,0.0400698532231716,7.16753926701571,1.72955978246754,0.143401360544218,-1.99350844908513,-2.01654820807849,
0.0449922330097087,0.0265546925566343,0.106218770226537,0.0605034093620593,5.53994778067885,1.81238437946209,0.193333333333333,-1.709476590723,-1.77578009056485,
0.0748,0.0432333333333333,0.172933333333333,0.09665747944848,4.34782608695652,1.93779597825885,0.309523809523809,-1.27027189690762,-1.57786739149924,
0.076869696969697,0.0282772727272727,0.113109090909091,0.0722949151789993,4.65605700712589,1.90952390454033,0.295555555555555,-1.51910805537293,-1.74066476059175,
0.0339333333333333,0.0201958333333333,0.0807833333333333,0.0481822581455041,5.80720092915215,1.74849791365867,0.183059807256236,-1.83919324495693,-1.87454300721421,
0.0278519607843137,0.0172558823529412,0.0690235294117647,0.0427309144259045,5.1968031968032,1.46324636454159,0.228888888888889,-1.59490052545445,-1.71594651746628,
0.0519302721088435,0.0251359693877551,0.10054387755102,0.0577394435807818,4.9050051072523,1.87739788032679,0.246678004535147,-1.73638507801571,-1.80278249057874,
0.0278039215686275,0.0199647058823529,0.0798588235294118,0.0431607039319159,6.57648546144121,1.38870967235592,0.153367346938775,-1.96366857779859,-1.96090064467478,
0.0369414191419142,0.0290259488448845,0.116103795379538,0.0660074424799867,4.98826405867971,2.18776107979046,0.182539682539682,-1.76794473406048,-1.68944762341885,
0.0669525641025641,0.0249166666666667,0.0996666666666667,0.063991784585301,4.26498422712934,2.04426982020874,0.277777777777777,-1.40672369477982,-1.58169733090025,
0.0402282828282828,0.0264222222222222,0.105688888888889,0.0602349857183459,4.52284263959391,2.27373432211446,0.288888888888888,-1.38518908242376,-1.63653994098061,
0.142095238095238,0.0368677197802198,0.147470879120879,0.111948220087679,2.63810130614845,1.50039301116404,0.999999999999998,-1.11022302462516E-15,-1.28211269569563,
0.0511307692307692,0.0245804487179487,0.0983217948717949,0.0593257986151731,5.63333333333333,1.74798084128218,0.189931972789115,-1.83050324707356,-1.86672343083674,
0.0321150943396226,0.0183169025157233,0.0732676100628931,0.0411272375227335,5.62925851703407,1.95128790645717,0.193333333333333,-1.709476590723,-1.80939904046905,
0.0276,0.0131875,0.05275,0.0359598966442712,6.71140939597315,2.17237115570333,0.155612244897959,-1.94661599142089,-1.97442865500381,
0.0436384488448845,0.0193709570957096,0.0774838283828383,0.0470207449455939,6.19368548876746,2.14073749955944,0.176190476190476,-1.8375764212014,-1.88095373328277,
0.0619139784946237,0.0307172043010753,0.122868817204301,0.0773046487274881,4.17624336069532,1.53227711489342,0.22031746031746,-1.66619645378682,-1.62102363352397,
0.0331146258503401,0.0180460034013605,0.0721840136054422,0.0480046002233392,6.09390862944162,1.81225956996956,0.171825396825397,-1.88183895738392,-1.89808910402054,
0.0583762886597938,0.0329601374570447,0.131840549828179,0.0748596659171177,4.71156735102654,1.73681831952604,0.226031746031746,-1.62004189694637,-1.64602376201588,
0.0264742990654206,0.0166605919003115,0.0666423676012461,0.0363346875651612,5.35751052877866,1.87500878626167,0.18031746031746,-1.7949082878192,-1.77135038286786,
0.0254555555555555,0.0154412878787879,0.0617651515151515,0.0402471111430584,5.72822910578609,2.15819589499872,0.18031746031746,-1.7949082878192,-1.8278545309291,
0.0433024054982818,0.0197235824742268,0.0788943298969072,0.0519631920897132,5.33087818696884,1.99588822084979,0.222539682539682,-1.71786552706722,-1.83201818369814,
0.0257864686468647,0.0190492161716172,0.0761968646864687,0.0451905554112238,5.45799892990904,1.73223834694613,0.186031746031746,-1.76987602446988,-1.79161829041194,
0.0258062893081761,0.0143177672955975,0.0572710691823899,0.0323915959580094,6.70405727923628,2.06306436993014,0.165873015873016,-1.92738071975869,-1.98911796694832,
0.0464186274509804,0.0223990196078431,0.0895960784313726,0.0531998285702129,6.08421052631579,1.70576322240554,0.182913832199546,-1.82033961085712,-1.90687605031269,
0.0511333333333333,0.0218416666666667,0.0873666666666666,0.0552572820741504,4.72589792060492,1.99493791965805,0.259999999999999,-1.56327024540059,-1.67652844856511,
0.0445045454545455,0.0299996212121212,0.119998484848485,0.066152342632146,5.1939586645469,1.49521355967747,0.241088435374149,-1.61007962453579,-1.80173948195076,
0.0173594339622642,0.0153619496855346,0.0614477987421384,0.0360594355350162,6.66429418742586,1.83491046598153,0.158854875283447,-1.94428706848845,-1.97199100442264,
0.0368,0.0228208333333333,0.0912833333333333,0.0559687859435954,6.28140703517588,2.22596614810081,0.186031746031746,-1.80926893877947,-1.89464523675774,
0.0649616838487973,0.0330582903780069,0.132233161512027,0.0760665692957124,4.5344578313253,2.29518052077517,0.333333333333332,-1.242453324894,-1.59690774619641,
0.0258904761904762,0.0161422619047619,0.0645690476190476,0.0439403146002112,5.82408874801902,1.50449973842829,0.176190476190476,-1.8375764212014,-1.85080800070302,
0.0381952145214521,0.023869801980198,0.0954792079207921,0.0532223749811089,5.05250123823675,2.11155447528566,0.231111111111111,-1.59118916307688,-1.69423606613033,
0.113510869565217,0.0325824275362319,0.130329710144928,0.0937698177779394,3.29851909586906,1.81578673246852,0.438412698412697,-1.24796901229042,-1.45007776795954,
0.0287272171253823,0.014519380733945,0.0580775229357798,0.0391500350977533,6.67847105115233,2.12362832535792,0.153333333333333,-1.90854284499906,-1.94647223090096,
0.0494076923076923,0.0328041666666667,0.131216666666667,0.0693168207606795,4.25491738788356,1.6596057903053,0.28,-1.41293362607351,-1.58041425800304,
0.0283168284789644,0.0125836569579288,0.0503346278317152,0.0305536993359771,7.04916943521595,1.83290612388322,0.147437641723356,-1.98251974296631,-2.00763373333989,
0.0377090759075908,0.0210530940594059,0.0842123762376238,0.0475625753765159,5.63902708678828,2.14482939243193,0.198775510204081,-1.80258664611442,-1.87929265017965,
0.0431350340136054,0.0219250850340136,0.0877003401360544,0.0519216987194013,4.7078431372549,2.04297746648402,0.233333333333333,-1.52834489081247,-1.67194073943872,
0.030760606060606,0.0247459595959596,0.0989838383838384,0.0592859106931284,5.61661891117479,2.12211366431743,0.182539682539682,-1.81794885212289,-1.82058025911591,
0.0294909090909091,0.017554797979798,0.0702191919191919,0.044924167998076,5.63599769982749,2.22301318836355,0.176190476190476,-1.83185840640737,-1.82900054788405,
0.0282176470588235,0.0155754901960784,0.0623019607843137,0.0390896798520307,6.7911227154047,1.63551423536702,0.155918367346939,-1.95433028771948,-1.98191780161098,
0.0261738095238095,0.0162738095238095,0.0650952380952381,0.0404010824151713,7,2.00774992993897,0.142721088435374,-2.00355653418446,-2.00106954237164,
0.0598826732673268,0.0186933168316832,0.0747732673267327,0.052301206326077,5.19134860050891,2.26823409263362,0.240498866213151,-1.69648567131499,-1.81288617661517,
0.0490891156462585,0.0248692176870748,0.0994768707482993,0.0609729496487992,4.4462962962963,2.06432914509717,0.233333333333333,-1.58588130530282,-1.62231260000876,
0.0309910256410257,0.0155823717948718,0.0623294871794872,0.0371080056656767,5.60995850622407,2.07344010200723,0.182142857142857,-1.7804982796238,-1.8077001823735,
0.0470453795379538,0.0284536303630363,0.113814521452145,0.062643514678242,4.80952380952381,2.13314485314487,0.233333333333333,-1.52834489081247,-1.67731544996311,
0.0583705128205128,0.0169660256410256,0.0678641025641026,0.0504405260022073,5.14557564224548,1.62338753190276,0.271530612244897,-1.63441733875258,-1.82573439268167,
0.0437119047619048,0.021772619047619,0.0870904761904762,0.0487982708282544,5.04576659038902,1.66928731210372,0.239999999999999,-1.6094379124341,-1.73184323124883,
0.0410358974358974,0.0259842948717949,0.103937179487179,0.0576150378699641,5.00277520814061,2.20896773372831,0.2,-1.6094379124341,-1.68066680622247,
0.0264705128205128,0.0219775641025641,0.0879102564102564,0.0528519400065779,5.94939493949395,2.1999095996966,0.177074829931973,-1.83273465355551,-1.86500980187899,
0.0403823529411765,0.0168262254901961,0.0673049019607843,0.0452047442034636,6.59315589353612,1.99711225825737,0.164501133786848,-1.88997058764079,-1.95610431566581,
0.0348,0.0296625,0.11865,0.0655788456745009,5.48245614035088,2.17663933502067,0.192789115646258,-1.75429986500798,-1.82395729815547,
0.0165833333333333,0.0117404761904762,0.0469619047619047,0.0260146677185763,6.03448275862069,1.87603731723507,0.176190476190476,-1.8375764212014,-1.86674328786598,
0.0500323232323233,0.0294526515151515,0.117810606060606,0.0655998041997054,4.09227557411273,1.82781276498295,0.279999999999999,-1.41293362607351,-1.50911171074799,
0.0466166666666667,0.0276541666666667,0.110616666666667,0.0682130974715755,5.23012552301255,1.63135549349198,0.23047619047619,-1.6612331629356,-1.7662239304783,
0.0597303030303031,0.0181767676767677,0.0727070707070707,0.0498110843545804,5.60377358490566,1.64137206416316,0.21047619047619,-1.75358236528789,-1.83709952387919,
0.0216075471698113,0.0170244496855346,0.0680977987421384,0.0373024389572284,7.12944162436548,2.06189174935128,0.140068027210884,-2.00964372371016,-2.01035476663595,
0.0239333333333333,0.0131666666666667,0.0526666666666667,0.0307940560642616,6.58761528326746,1.75714838500724,0.171972789115646,-1.91637216963547,-1.98215066760936,
0.0355666666666666,0.021025,0.0841,0.0453767286172108,5.24109014675052,1.37996528132113,0.226031746031746,-1.67894126706491,-1.77518893988291,
0.0404990196078431,0.021156862745098,0.0846274509803922,0.0472948366974571,5.72907488986784,2.05306171964833,0.181587301587301,-1.84897101540343,-1.86949781182557,
0.0416333333333334,0.0278890350877193,0.111556140350877,0.0659407070360462,4.72760607647983,1.75050519422016,0.241088435374149,-1.61007962453579,-1.71879443607471,
0.0238019607843137,0.0139004901960784,0.0556019607843137,0.0343462715540641,5.75442477876106,2.14731002240707,0.191428571428571,-1.79461581607646,-1.84900218959715,
0.0286017006802721,0.017934693877551,0.0717387755102041,0.0419407942366871,4.82128514056225,1.4961922729329,0.231111111111111,-1.59118916307688,-1.65842257107048,
0.0441129449838187,0.0154596682847896,0.0618386731391586,0.0415461105719569,5.37164556962025,2.13948347731874,0.239999999999999,-1.6094379124341,-1.82959022919731,
0.08285,0.022152850877193,0.0886114035087719,0.0686789299128454,4.40029254022428,2.05670137559526,0.326621315192743,-1.52233884956506,-1.74604761267158,
0.0635676767676768,0.0320655303030303,0.128262121212121,0.074278906856012,3.85108055009823,1.77196610150966,0.233333333333333,-1.52834489081247,-1.46359070412732,
0.0435105263157895,0.0249914473684211,0.0999657894736842,0.0614063109636289,4.92900054614965,1.59324626821158,0.225759637188208,-1.63982427936898,-1.73575758027415,
0.026947619047619,0.0166488095238095,0.0665952380952381,0.0356310954923701,6.66969147005445,2.27216897414673,0.175238095238095,-1.91704373237082,-1.99122257972006,
0.055428431372549,0.0337509803921569,0.135003921568627,0.0705826728609023,5.01156069364162,2.13494488443526,0.2,-1.6094379124341,-1.65613930401323,
0.0209568027210884,0.0158147959183673,0.0632591836734694,0.0421000134708959,6.40266666666667,1.9289362740923,0.163401360544217,-1.89855532125643,-1.92583854189346,
0.0532454692556634,0.0270309466019417,0.108123786407767,0.0642786856404283,4.67151034786438,1.99338152857842,0.233333333333333,-1.60582529314988,-1.62376526215213,
0.024498753894081,0.0145095404984424,0.0580381619937695,0.0365301594022334,5.50697450697451,1.70171766697597,0.204580498866213,-1.77515583223029,-1.83898486892881,
0.0305269230769231,0.0158891025641026,0.0635564102564103,0.0400731147607373,4.48053024026512,1.97992111081287,0.233333333333333,-1.52834489081247,-1.55161984417426,
0.040106862745098,0.0182240196078431,0.0728960784313726,0.0459618918005496,6.17814726840855,1.8872401865389,0.171428571428571,-1.83957469156052,-1.87176807478581,
0.0775509803921569,0.025319362745098,0.101277450980392,0.0704273860039289,5.1,2.08238122025036,0.21,-1.67137878247329,-1.70420048088414,
0.0879600732600733,0.0355634615384615,0.142253846153846,0.0888819579565345,3.94521200571701,1.62480185727452,0.399999999999999,-1.22752941145721,-1.54211031463446,
0.0537384488448845,0.0294609735973597,0.117843894389439,0.0673786548165238,4.76905095839177,2.11093947320584,0.237777777777777,-1.5997316703001,-1.68245178814951,
0.0316351132686084,0.0194576860841424,0.0778307443365696,0.0447975323167058,5.20304070622854,2.33723645482335,0.233333333333333,-1.60582529314988,-1.71957856137078,
0.0281944444444444,0.0140366161616162,0.0561464646464647,0.0354397720522868,6.30289389067524,2.16992070170086,0.166213151927437,-1.91319439795024,-1.95092430464811,
0.0539452380952381,0.0264089285714286,0.105635714285714,0.0632804003645267,5.02277904328018,1.7570184590185,0.239999999999999,-1.6094379124341,-1.72814725848692,
0.0362261904761905,0.0151,0.0604,0.0369688227412678,6.00817438692098,2.21796559638066,0.186031746031746,-1.76581541158783,-1.86198834610088,
0.0418768707482993,0.0200315476190476,0.0801261904761905,0.0509156592420775,5.59022118742724,1.87430824953604,0.181984126984127,-1.82151120711415,-1.825988267741,
0.05755,0.0312833333333333,0.125133333333333,0.0737780229246262,3.295978905735,1.94679257724153,0.277777777777777,-1.40672369477982,-1.31758442188203,
0.0468078431372549,0.0313225490196078,0.125290196078431,0.0707570713559188,6.07001166861143,1.89211279690401,0.176224489795918,-1.81739756054434,-1.88482011408608,
0.0308833333333333,0.0174650641025641,0.0698602564102564,0.0395429282828935,5.35445544554455,2.01769511561087,0.203253968253968,-1.75746754645244,-1.80342702540502,
0.0264850340136054,0.00919659863945578,0.0367863945578231,0.0256637312251742,5.39550561797753,2.06310968111359,0.21031746031746,-1.73816316276301,-1.80472665778984,
0.0485397435897436,0.0183483974358974,0.0733935897435898,0.0478904020977429,5.49593495934959,2.20974047986189,0.238095238095237,-1.70677065854507,-1.8637754950763,
0.0841570175438596,0.0243598684210526,0.0974394736842105,0.0720805940106851,4.39172749391728,1.49965959694285,0.339999999999999,-1.36796565201965,-1.68259477048397,
0.0492598039215686,0.0216294117647059,0.0865176470588236,0.0507536077868689,4.98753595397891,2.17023325423151,0.233333333333333,-1.52834489081247,-1.73907281601794,
0.08305,0.0324208333333333,0.129683333333333,0.0798932464813725,3.91542678151919,1.4135833304413,0.303333333333333,-1.38282865189029,-1.49688295478932,
0.0482217821782178,0.0227303217821782,0.0909212871287129,0.0558562821464164,5.7861599546228,2.12512644940761,0.173968253968254,-1.82844018263519,-1.81627402503947,
0.0365156862745098,0.0173796568627451,0.0695186274509804,0.0462882428213792,5.89795918367347,1.39312350368112,0.176734693877551,-1.8695360359513,-1.8944685887842,
0.0178160436137071,0.0143982087227414,0.0575928348909657,0.0336565693855468,7.33440102498399,1.96434979913647,0.137551020408163,-2.02167047017705,-2.03083423860243,
0.0979,0.0324541666666667,0.129816666666667,0.0892078503022888,4.20437956204379,2.10884904858457,0.287244897959183,-1.52179239591853,-1.65181414169549,
0.0357969696969697,0.0142864898989899,0.0571459595959596,0.0365532219425901,5.795978710822,1.94113344782982,0.199909297052154,-1.84543730272794,-1.9008802413896,
0.0681340206185567,0.0266897336769759,0.106758934707904,0.0647041695158295,4.63269325455441,2.11268582893937,0.298321995464852,-1.55227607503633,-1.76287912265084,
0.06165,0.0319125,0.12765,0.0743550005790539,4.48430493273543,1.96148680360112,0.22985260770975,-1.57937665481695,-1.67350082327676,
0.0406821100917431,0.01610374617737,0.0644149847094801,0.0411764553560585,5.46252873563218,1.98883405724758,0.193333333333333,-1.709476590723,-1.74285926914776,
0.0314098039215686,0.0196936274509804,0.0787745098039216,0.0475754310718913,5.22814070351759,2.23572838733824,0.206031746031746,-1.74244974450778,-1.78540757713246,
0.0160340978593272,0.00963967889908257,0.0385587155963303,0.026456280250702,6.59689061632426,1.75096272100434,0.168253968253968,-1.8651219573259,-1.94241667685847,
0.0426138364779874,0.0217451257861635,0.0869805031446541,0.0501101435104229,6.06695464362851,2.21770273777651,0.169365079365079,-1.86128261680761,-1.8739882075647,
0.0305247524752475,0.0192369636963696,0.0769478547854785,0.0478742640490287,5.0425111220959,2.01689957876484,0.193333333333333,-1.68838702255263,-1.67161965356727,
0.035919801980198,0.021622194719472,0.0864887788778878,0.0518701873109952,5.7861599546228,2.08770972025516,0.19047619047619,-1.76748637017667,-1.83477855775307,
0.0535179487179487,0.0302435897435897,0.120974358974359,0.0645789280548845,4.03883495145631,2.09302310989907,0.269365079365079,-1.51145322693741,-1.56870731677726,
0.0650979797979798,0.0230722222222222,0.0922888888888889,0.0643296945036994,5.21607237892496,2.18094942400755,0.195555555555555,-1.7760284112262,-1.77688681233963,
0.0691833333333334,0.0296166666666667,0.118466666666667,0.0726925603712879,4.89236790606654,1.75163447862031,0.232165532879818,-1.6855063021007,-1.75179251745407,
0.056130612244898,0.0320482142857143,0.128192857142857,0.0688934037337614,4.33393501805054,1.95655403262449,0.233333333333333,-1.52834489081247,-1.56500827925766,
0.0394366043613707,0.0136661604361371,0.0546646417445483,0.0362807877224767,6.59884726224784,1.69100614589033,0.153333333333333,-1.90854284499906,-1.91723011790804,
0.0189681818181818,0.0166589646464647,0.0666358585858586,0.0359768207597104,6.0687306501548,1.69449209784512,0.170294784580499,-1.89013203698441,-1.91216191348907,
0.0423459595959596,0.0227616161616162,0.0910464646464647,0.0541852702130422,5.22163026105488,2.10240334783711,0.22031746031746,-1.68938008594762,-1.78752181404796,
0.0792666666666667,0.0285833333333333,0.114333333333333,0.0739213865460388,3.99361022364217,1.5195618751679,0.333333333333333,-1.242453324894,-1.54161832690505,
0.0216261904761905,0.0205922619047619,0.0823690476190476,0.0445719062220031,5.8862786972771,2.08533292420832,0.176190476190476,-1.8375764212014,-1.85389136296389,
0.0344292452830189,0.0191531446540881,0.0766125786163522,0.0478321511388306,6.10652173913043,2.17082963848817,0.179331065759637,-1.83919545306605,-1.90212560532656,
0.0362490196078431,0.0184924019607843,0.0739696078431372,0.0455824616837308,4.83906976744186,1.50440343908496,0.279999999999999,-1.46315431020412,-1.70871604478082,
0.0393065656565657,0.0224753787878788,0.0899015151515151,0.0507876763353486,5.28355795148248,2.20422628837858,0.169206349206349,-1.84329651775865,-1.75779613875602,
0.0366166666666667,0.0275083333333333,0.110033333333333,0.0620927733315239,5.48847420417124,1.95324757960966,0.190555555555555,-1.70788086351591,-1.74157888727853,
0.0316551155115511,0.0191975247524752,0.076790099009901,0.0445079916489405,5.60802638812534,1.23493722248408,0.191111111111111,-1.75471578739697,-1.80942919487709,
0.0394212121212121,0.0278143939393939,0.111257575757576,0.0603253958744528,5.47847959754052,2.165278154125,0.176190476190476,-1.80836983086513,-1.78991664701068,
0.0240404761904762,0.0161982142857143,0.0647928571428572,0.0357513239689509,6.80135718692165,2.1908966715811,0.153741496598639,-1.960699641876,-1.98461809059743,
0.0410009803921569,0.0183982843137255,0.073593137254902,0.0441035364689244,5.10500490677134,1.78645886376351,0.231927437641723,-1.67162698017333,-1.7658384441659,
0.0115076923076923,0.0106387820512821,0.0425551282051282,0.0262250906829333,6.61933904528764,1.46221986119763,0.156972789115646,-1.93796760296877,-1.95697569375049,
0.0261717948717949,0.0144721153846154,0.0578884615384615,0.0342170489885651,6.55515151515152,1.7858247957174,0.161201814058957,-1.92854111662763,-1.96256807844084,
0.0325598039215687,0.015159068627451,0.0606362745098039,0.0353272575895245,5.45283018867924,2.21282844875068,0.188095238095238,-1.78754211459153,-1.80281917089269,
0.020252427184466,0.0154727750809061,0.0618911003236246,0.0413809518963411,5.70069854916712,2.24084698044857,0.182539682539682,-1.76794473406048,-1.83457445469636,
0.0855637540453075,0.0329138754045308,0.131655501618123,0.0813775714883868,3.89035570223689,2.17978919280637,0.279999999999999,-1.41293362607351,-1.48487361130124,
0.0400564102564103,0.0154044871794872,0.0616179487179487,0.0395702742498426,5.69263157894737,1.99526501067548,0.193333333333333,-1.709476590723,-1.76450280042137,
0.0483687074829932,0.0209009353741497,0.0836037414965986,0.0502743877782408,5.68957345971564,1.64274975465253,0.18031746031746,-1.80194716025469,-1.82450312971208,
0.0598023809523809,0.0285547619047619,0.114219047619048,0.0636268978618263,4.44019331453886,2.03021570073682,0.279999999999999,-1.41293362607351,-1.60626607672925,
0.0279833333333333,0.0182166666666667,0.0728666666666667,0.0440886134203984,6.265664160401,1.99149323055552,0.166031746031746,-1.86407613070119,-1.88563501474284,
0.0607686868686869,0.0349013888888889,0.139605555555556,0.0798870037523866,4.36181575433912,2.14626070945202,0.281360544217686,-1.49665525301631,-1.65994482121604,
0.0643441176470588,0.0318230392156863,0.127292156862745,0.0742330436096519,5.72277227722772,1.82822083008976,0.180136054421768,-1.83266488773516,-1.8653734010477,
0.0331580858085808,0.0233185643564356,0.0932742574257426,0.0511255193587283,5.71484593837535,2.0650365007667,0.18031746031746,-1.80194716025469,-1.81934072336924,
0.0270727722772277,0.0203624587458746,0.0814498349834984,0.0525217672592685,5.83247570040023,1.69675418900131,0.193333333333333,-1.71758859451062,-1.80571481961571,
0.0765471631205674,0.0354281028368794,0.141712411347518,0.0821242808723606,4.28516003879728,1.68842427469336,0.268809523809523,-1.5166070533016,-1.64370803159032,
0.0323757425742574,0.024276897689769,0.0971075907590759,0.0549989136652927,5.55307566684812,2.13723889425241,0.18031746031746,-1.80194716025469,-1.7937908643718,
0.0770336879432624,0.0355084219858156,0.142033687943262,0.0820674022773261,3.91666666666667,2.11581483980981,0.281666666666666,-1.48800865092443,-1.53139727328076,
0.0267785714285714,0.0108053571428571,0.0432214285714286,0.0279128866361545,6.40615920976177,2.15792965251807,0.168253968253968,-1.8651219573259,-1.90238836711756,
0.0455681818181818,0.0201487373737374,0.0805949494949495,0.0491073938163692,6.75465196416265,1.53992340369313,0.147437641723356,-1.97951399581927,-1.96576629169605,
0.0265176100628931,0.0158582547169811,0.0634330188679245,0.0355208500509077,5.40712223291627,1.90794254034333,0.193333333333333,-1.71758859451062,-1.73866141051,
0.0421303921568627,0.0270982843137255,0.108393137254902,0.0601035157198303,5.12007874015748,2.08689215308149,0.224920634920634,-1.64334741926681,-1.72968305621396,
0.0583928571428571,0.0259912414965986,0.103964965986395,0.0638430930212245,4.4462962962963,1.78875460599293,0.309999999999999,-1.44554132240054,-1.6149287536614,
0.0568140264026403,0.02507050330033,0.10028201320132,0.0575391710222232,4.93995157384988,1.81514129770136,0.23047619047619,-1.6612331629356,-1.71882974049797,
0.0617513605442176,0.0382262755102041,0.152905102040816,0.0812335115034405,4.40146654445463,1.95823725698386,0.263565759637187,-1.51342496634806,-1.65246771363714,
0.0695013605442177,0.0332201530612245,0.132880612244898,0.0805154334526248,3.64063684609553,2.17043093902925,0.234297052154195,-1.62627419756808,-1.50300296980867,
0.05285,0.0233166666666667,0.0932666666666667,0.0601540291437093,4.79002079002079,1.71869497885565,0.241746031746031,-1.65261720428297,-1.71780849741794,
0.0536716828478965,0.0214015372168285,0.0856061488673139,0.0569576710580003,4.51254785197788,2.11659691205992,0.277777777777777,-1.40672369477982,-1.60113538004529,
0.0650136054421769,0.025693112244898,0.102772448979592,0.0661456069499647,4.23830538393645,1.70334551310648,0.287120181405895,-1.49734084822612,-1.6293482375712,
0.0278858974358974,0.00810448717948718,0.0324179487179487,0.0237770885000896,7.28840970350404,2.15000527910486,0.139523809523809,-2.01701731879677,-2.02767459689906,
0.037835534591195,0.0193198113207547,0.0772792452830189,0.0429025745319265,5.88888888888889,1.94067221043345,0.199523809523809,-1.76208728281922,-1.86417451505301,
0.0442545454545455,0.0233167929292929,0.0932671717171717,0.0589788536579704,5.38812534359538,1.93204770399525,0.191111111111111,-1.77452817348987,-1.7763589011778,
0.0404857142857143,0.0212625,0.08505,0.0562508830870464,5.75718015665796,2.1560730992328,0.191111111111111,-1.71408754118701,-1.76946678651019,
0.0614510101010101,0.0235489898989899,0.0941959595959596,0.0614674849821399,4.5992491787893,1.71017647571335,0.288888888888888,-1.46385257331124,-1.66480202561234,
0.0297851132686084,0.0193963996763754,0.0775855987055016,0.0434459927009166,4.5946297098311,1.93515178331404,0.277777777777777,-1.40672369477982,-1.64021697724061,
0.0349700934579439,0.0191502725856698,0.0766010903426791,0.0519655718537529,5.67625185919683,2.14193336511775,0.191111111111111,-1.71408754118701,-1.76382785599269,
0.0813,0.0297186403508772,0.118874561403509,0.0750127924916552,4.14942528735632,1.83632985368956,0.339999999999999,-1.36796565201965,-1.63476942619174,
0.0246777227722773,0.0163663778877888,0.0654655115511551,0.0353918471326041,4.52372505543237,1.80422647059146,0.233333333333333,-1.52834489081247,-1.5506620422179,
0.0339176470588236,0.0222647058823529,0.0890588235294118,0.0519581587571953,4.56716417910448,2.3874682379859,0.277777777777777,-1.40672369477982,-1.60357999678774,
0.040689455782313,0.0247600340136055,0.0990401360544218,0.0588172913774698,5.66942148760331,2.40691355666737,0.194761904761904,-1.74484905501578,-1.80920232568196,
0.0890323529411765,0.0256953431372549,0.10278137254902,0.0742057696705783,4.47676419965577,2.20092028587813,0.281666666666666,-1.51666665904577,-1.64789271432612,
0.0562166666666666,0.0296666666666667,0.118666666666667,0.0648418117849552,4.9283422459893,2.21482563863298,0.235453514739228,-1.69584125399268,-1.79429165518404,
0.0239493769470405,0.0129463395638629,0.0517853582554517,0.029006153437479,7.54713249835201,1.54092470527217,0.137551020408163,-2.0256393245592,-2.04783512316442,
0.0472862745098039,0.0259247549019608,0.103699019607843,0.0610909715512446,5.71648351648352,2.17040535129786,0.188469387755102,-1.8001443958111,-1.85316410321192,
0.0566107843137255,0.0268718137254902,0.107487254901961,0.0611629010450332,5.0504854368932,2.23480276506148,0.193333333333333,-1.68838702255263,-1.67986259325381,
0.0403079037800687,0.0152807989690722,0.0611231958762887,0.0391272047535807,6.37898305084746,2.15498595808749,0.172925170068027,-1.91649603711697,-1.96628177873976,
0.0771876288659794,0.0336835910652921,0.134734364261168,0.0850129872406609,4.73527931555108,1.9284956466293,0.226031746031746,-1.62004189694637,-1.68979691930689,
0.117876595744681,0.0386908687943262,0.154763475177305,0.102740597447112,2.90849242922976,1.87521189142107,0.999999999999998,-1.11022302462516E-15,-1.29263822425189,
0.0351348484848485,0.0264579545454546,0.105831818181818,0.0570609985440261,5.42390702822358,2.0843005619953,0.18031746031746,-1.79694186671248,-1.7788693275572,
0.04555,0.0397333333333333,0.158933333333333,0.0820879897156433,4.5045045045045,1.8933485100557,0.333333333333333,-1.09861228866811,-1.60250308614458,
0.0399147058823529,0.0133330882352941,0.0533323529411765,0.0347761396987805,6.04883720930233,1.73335814826666,0.176190476190476,-1.82883256765793,-1.86328158860903,
0.0326989096573208,0.015108800623053,0.0604352024922118,0.0385883502426445,6.23244420250408,2.04792786533572,0.190204081632653,-1.80128526329018,-1.91698396653599,
0.0353323232323233,0.0265609848484849,0.106243939393939,0.0583546408131189,4.84478497281265,1.97354295198217,0.269206349206349,-1.54860478441169,-1.70057914010462,
0.0298304207119741,0.0191632281553398,0.0766529126213592,0.0469367343751967,4.93212459321246,1.88434196120719,0.22,-1.76231798647097,-1.77420409916272,
0.0282930420711974,0.0247478155339806,0.0989912621359224,0.0593565708920624,5.58662453923117,1.86013754392949,0.186031746031746,-1.76581541158783,-1.78150729618321,
0.0197111111111111,0.00904074074074075,0.036162962962963,0.0221266181121502,6.1196222455404,2.04060649354156,0.186031746031746,-1.76581541158783,-1.86914606544918,
0.0542939393939394,0.0194810606060606,0.0779242424242424,0.0516874814998917,6.33507853403141,1.76922160722989,0.182834467120181,-1.89384996993483,-1.95745321230562,
0.0414687074829932,0.028308843537415,0.11323537414966,0.0636196235600345,5.43827859569649,1.74152265481849,0.188095238095238,-1.78443244611949,-1.79105297377771,
0.068430701754386,0.0318901315789474,0.127560526315789,0.0733123745389665,4.01646639964397,2.09730666830208,0.288888888888888,-1.46385257331124,-1.58290078898273,
0.0337538461538461,0.0147413461538462,0.0589653846153846,0.0379499756375096,5.51274209989806,1.30527266731698,0.193333333333333,-1.709476590723,-1.74740622983644,
0.0837666666666667,0.0215166666666667,0.0860666666666667,0.0692750917237454,3.49886104783599,2.12353774852469,0.399999999999999,-1.22752941145721,-1.48468656010229,
0.0263376146788991,0.0192251146788991,0.0769004587155963,0.0420029729720969,6.45355784899511,2.27584343242484,0.169206349206349,-1.85411083268815,-1.90650728401786,
0.0559316831683168,0.0229180693069307,0.0916722772277228,0.0534444513874151,4.73364269141531,1.88379859622984,0.277777777777777,-1.40672369477982,-1.65476326027421,
0.0585333333333333,0.0241166666666667,0.0964666666666667,0.0583542819527601,4.64984863773966,2.03333929459804,0.324761904761904,-1.47572420799479,-1.72092133333311,
0.0551666666666667,0.0280958333333333,0.112383333333333,0.0652711949399495,5.41125541125541,1.72647354589037,0.188888888888889,-1.7188657765881,-1.73817481844261,
0.0387615264797508,0.023007554517134,0.0920302180685358,0.054665125558617,5.37259502580948,1.93684827900824,0.193333333333333,-1.71758859451062,-1.73471614367935,
0.05195,0.0246083333333333,0.0984333333333333,0.0581602790188936,6.18811881188119,2.14520456905442,0.172562358276644,-1.85502791600596,-1.91814052290644,
0.0410235294117647,0.0195421568627451,0.0781686274509804,0.0516376313845786,6.05587892898719,1.87313158287515,0.17953514739229,-1.80723712471508,-1.89811601141864,
0.0602882352941176,0.0226463235294118,0.090585294117647,0.0584404529478815,5.12512315270936,1.80009663705382,0.212222222222222,-1.72351861399301,-1.78047291091385,
0.0227333333333333,0.0150602941176471,0.0602411764705882,0.0334187839561416,6.04883720930232,1.99095307865515,0.189195011337868,-1.82472171604145,-1.9030581124147,
0.0480642857142857,0.0190053571428571,0.0760214285714286,0.0521375038565333,6.16266070430408,1.860746518697,0.182539682539682,-1.80274924215853,-1.86498863908116,
0.0356078431372549,0.00972696078431372,0.0389078431372549,0.0300670509186043,6.39066339066339,2.09071892205888,0.161428571428571,-1.8836476531699,-1.89333777332179,
0.119193010752688,0.0416591397849462,0.166636559139785,0.106355364037967,3.03367239565065,1.90348452632306,0.999999999999998,-1.11022302462516E-15,-1.3753516925712,
0.0142695718654434,0.00989487767584098,0.0395795107033639,0.0213653686405919,7.65035415325177,1.89185147880919,0.139183673469388,-2.02990734077158,-2.0578643995609,
0.0357882352941176,0.0161502450980392,0.0646009803921568,0.0470974517216138,5.71648351648352,1.99727329089979,0.232222222222222,-1.71895717176587,-1.85357217657105,
0.0361025641025641,0.0159730769230769,0.0638923076923077,0.0377499120697715,7.52155771905424,2.08185469545615,0.139183673469388,-2.02990734077158,-2.04948403837898,
0.0233422442244224,0.0122636551155116,0.0490546204620462,0.0403342174335443,6.87862440997977,1.54512228291136,0.141224489795918,-1.97319759408627,-1.96253648339143,
0.0329564102564103,0.0137253205128205,0.054901282051282,0.0358241466825915,5.70464135021097,1.34180632761813,0.195079365079365,-1.73002935734005,-1.82716424940574,
0.0476166666666666,0.0226324494949495,0.090529797979798,0.0521227808666902,4.67381974248927,2.0669068787904,0.286666666666666,-1.49452855425168,-1.63979262060473,
0.0455636363636364,0.0313166666666667,0.125266666666667,0.0653864291682576,5.56066176470588,2.06129140138829,0.171111111111111,-1.84125123503671,-1.79820630353307,
0.0549262626262627,0.024557702020202,0.0982308080808081,0.062354462864567,6.00919681177192,2.03255217449009,0.183492063492063,-1.83833157833887,-1.90762321561716,
0.0369641025641025,0.0196477564102564,0.0785910256410256,0.043563307556773,5.72881355932203,1.67435950621838,0.19047619047619,-1.7964776806757,-1.83754750199846,
0.0514424092409241,0.0262686056105611,0.105074422442244,0.0646938646077933,4.21354812061132,2.11761106847085,0.279999999999999,-1.46315431020412,-1.58935667493599,
0.0836428571428571,0.0262403911564626,0.10496156462585,0.0733978985789348,4.85050505050505,1.79959170382242,0.282709750566893,-1.59806918899935,-1.7772072600435,
0.02665,0.0182166666666667,0.0728666666666667,0.0424092429652887,5.49450549450549,1.83326437549715,0.17828798185941,-1.73792534998184,-1.81061707929459,
0.0455375404530744,0.0275128640776699,0.11005145631068,0.0592492944554697,4.03230710756366,1.9516625914044,0.333333333333333,-1.09861228866811,-1.47093937830524,
0.0502119047619048,0.0228303571428571,0.0913214285714286,0.0526612720047759,6.78461538461538,2.28535918104765,0.154013605442177,-1.96561566846436,-1.9900217471707,
0.0599666666666667,0.0291416666666667,0.116566666666667,0.0708968891340719,4.81002087682672,1.47085915414404,0.246666666666666,-1.63767090278549,-1.73504979130381,
0.0470924092409241,0.0241881600660066,0.0967526402640264,0.0585464082770473,5.5957213384531,2.18100579017543,0.18562358276644,-1.82429421714716,-1.85133788114788,
0.0730302721088436,0.0303690476190476,0.121476190476191,0.0741667192079581,4.12897678417885,1.51395948543513,0.279999999999999,-1.46315431020412,-1.55557031454909,
0.0348519607843137,0.0154838235294118,0.061935294117647,0.0442859074580713,5.98619102416571,1.973003827512,0.181984126984127,-1.82151120711415,-1.86633214529483,
0.0368319587628866,0.029759235395189,0.119036941580756,0.0641605424079467,5.14434117003827,2.00723742372785,0.180362811791383,-1.82914004976442,-1.7471063581654,
0.0203333333333333,0.0122166666666667,0.0488666666666667,0.0279233971986059,7.08215297450425,2.32653768737945,0.149875283446712,-1.97164198977717,-2.01079063940486,
0.0276778317152104,0.0205144417475728,0.0820577669902913,0.0471721449002525,5.00660689004247,2.21848807850893,0.239999999999999,-1.59392512634678,-1.72869093264175,
0.0542446601941748,0.0193495145631068,0.0773980582524272,0.0488823424467919,5.38801422041646,1.76439585843275,0.193333333333333,-1.71758859451062,-1.73687550459437,
0.0449120462046204,0.0248173267326733,0.0992693069306931,0.0554002791676458,5.61419922949918,1.62927547800543,0.195555555555555,-1.7760284112262,-1.82813595267638,
0.0455449494949495,0.0240061868686869,0.0960247474747474,0.0564454296955651,5.29497568881686,2.15728034649799,0.22031746031746,-1.68938008594762,-1.80792606849461,
0.0630666666666667,0.02455,0.0982,0.0628440198693029,4.15282392026578,1.80141903885915,0.429999999999999,-1.23095578423203,-1.61377082534348,
0.0450978964401295,0.0252449838187702,0.100979935275081,0.0603734445466069,4.89570835256114,1.61748671315705,0.264761904761904,-1.62790297206649,-1.75407379399785,
0.0624886524822695,0.0291164893617021,0.116465957446809,0.0710184143438991,3.98376916140667,1.90602531996056,0.286666666666666,-1.49452855425168,-1.5695797993866,
0.0556554421768707,0.0289224489795918,0.115689795918367,0.0655114602171162,5.10851063829787,1.65011439927536,0.232562358276643,-1.76079200390141,-1.82783854357046,
0.0585137540453075,0.0270410194174757,0.108164077669903,0.0654243880036971,4.26578206674708,1.54361717969273,0.233333333333333,-1.52834489081247,-1.5706307015299,
0.0412372549019608,0.0209129901960784,0.0836519607843137,0.0454006733000899,6.44609665427509,1.81297128156168,0.165850340136054,-1.91600842798017,-1.95607373209435,
0.0671263157894737,0.035781798245614,0.143127192982456,0.0784956002868253,4.94520547945206,2.01676246814729,0.19047619047619,-1.7096021972882,-1.68830722154209,
0.0845295918367347,0.0302150510204082,0.120860204081633,0.078007137828686,3.52569750367107,1.94897797523486,0.399999999999999,-1.22752941145721,-1.45833417174343,
0.0213965408805032,0.0138729559748428,0.0554918238993711,0.0309902485967615,4.66224066390041,2.13705269124053,0.2075,-1.70108221931475,-1.60224389768378,
0.0158833333333334,0.00905416666666668,0.0362166666666667,0.0232392268947714,5.51876379690949,2.0528914333327,0.195544217687075,-1.7785808721865,-1.80897814459557,
0.0356333333333334,0.0160458333333333,0.0641833333333333,0.0443323621447508,6.42677824267782,1.88936796533868,0.176190476190476,-1.82883256765793,-1.90558118330126,
0.0724386138613862,0.0344666666666667,0.137866666666667,0.0809944430761981,3.99882399059193,2.24158854896202,0.333333333333332,-1.242453324894,-1.49594928088465,
0.0554149659863946,0.0276523809523809,0.110609523809524,0.0719306444633712,5.87041564792176,1.94064108006884,0.181587301587301,-1.78765309785683,-1.80950818601652,
0.0313384615384615,0.0158878205128205,0.0635512820512821,0.0377926530373682,6.46117084826762,1.90697990796652,0.163866213151927,-1.91215412348469,-1.93414177055718,
0.0612666666666667,0.0308916666666667,0.123566666666667,0.0731645197103381,4.20437956204379,2.09558333930437,0.274999999999999,-1.48014421388366,-1.56346296553986,
0.0415529411764706,0.0205857843137255,0.082343137254902,0.0488403223344836,5.33538461538462,2.02833555514414,0.207142857142857,-1.74004431807092,-1.77571981633696,
0.0404105177993528,0.020455501618123,0.0818220064724919,0.0554709459519268,5.83874518436984,2.19248516914733,0.182539682539682,-1.81794885212289,-1.84414769317239,
0.065235534591195,0.0237912735849057,0.0951650943396226,0.0627126193369808,5.52952755905512,1.98250364419142,0.188253968253968,-1.79979252110802,-1.81227506402294,
0.0338479797979798,0.0207704545454546,0.0830818181818182,0.0472406072189084,4.55225267069206,2.16819688596091,0.279999999999999,-1.41293362607351,-1.66058057795454,
0.0838666666666666,0.0312125,0.12485,0.0775271959451076,3.11351351351351,1.72067433284136,0.358333333333332,-1.2845581723102,-1.29969284468065,
0.0344666666666666,0.0228708333333333,0.0914833333333333,0.0542073129547829,4.76190476190476,2.01585972080871,0.233333333333333,-1.60582529314988,-1.65590825869026,
0.0347207903780069,0.0216425257731959,0.0865701030927835,0.0498214264624565,5.43558636626228,1.88741775676729,0.215510204081632,-1.72807518926215,-1.82900447524853,
0.0434349056603774,0.0173410377358491,0.0693641509433962,0.0421751142037454,5.95127118644068,1.66829118524259,0.2,-1.70947277658421,-1.86266938850575,
0.0347121212121212,0.0291912878787879,0.116765151515152,0.0660824918550479,5.72822910578609,2.28178351491208,0.175510204081632,-1.83225187176405,-1.84093170134068,
0.0909333333333333,0.0358,0.1432,0.0856601116169143,3.40576496674058,2.06921915280011,0.303333333333333,-1.38282865189029,-1.39084524929836,
0.037147619047619,0.0224109693877551,0.0896438775510204,0.0530992910669238,5.26535087719298,2.19559137834245,0.209036281179138,-1.76119567784937,-1.82881567848449,
0.0393616838487972,0.0206508591065292,0.0826034364261168,0.0468744850974897,4.87260486794407,2.10861645335804,0.24,-1.62452560822077,-1.71864943064416,
0.0538833333333333,0.026075,0.1043,0.0575493701094982,5.23012552301255,2.01721205854379,0.222142857142857,-1.66794292409845,-1.75049575423135,
0.0306970588235294,0.0134176470588235,0.0536705882352941,0.0328373240977755,5.78,1.41282472889727,0.198412698412698,-1.77965047535793,-1.850261291265,
0.0306525641025641,0.0150278846153846,0.0601115384615385,0.0417680457994072,6.15244596131968,2.41999306578821,0.184920634920635,-1.81094412987542,-1.88392872713301,
0.0674823529411765,0.0246,0.0984,0.0664991564642554,4.08,1.87403170219967,0.277777777777777,-1.40672369477982,-1.50588430857995,
0.0550333333333333,0.0188,0.0752,0.0507425254484726,4.76190476190476,1.90126579542913,0.224671201814058,-1.71206086837818,-1.75357680979598,
0.0278019607843137,0.0163401960784314,0.0653607843137255,0.0359201118432662,5.71020856201976,2.09112353601162,0.182698412698412,-1.80773638984314,-1.83069090910593,
0.0567263754045308,0.0207741504854369,0.0830966019417476,0.0557970583824885,6.05191100969766,1.84283422888008,0.176190476190476,-1.8375764212014,-1.86848989088682,
0.0552039215686275,0.019068137254902,0.0762725490196078,0.0491804657292157,4.96848137535817,1.58785083212199,0.223333333333333,-1.696749056261,-1.74927897938137,
0.0296470588235294,0.013946568627451,0.0557862745098039,0.0381485537096043,5.83838383838384,1.84133569050639,0.18562925170068,-1.87280631626485,-1.89690074073537,
0.0470469696969697,0.0249782828282828,0.0999131313131313,0.0575274717116132,4.94251134644478,2.0965996817529,0.226031746031746,-1.65243409032529,-1.7134954147533,
0.0268686274509804,0.018680637254902,0.0747225490196078,0.0438568292354593,5.27586206896552,2.032335812998,0.190555555555555,-1.71768842956413,-1.72112141424907,
0.0221078431372549,0.0178397058823529,0.0713588235294118,0.041676077783768,6.66923076923077,1.86512697675876,0.152857142857143,-1.95980965732912,-1.95593643504443,
0.0197575471698113,0.014961320754717,0.0598452830188679,0.0315017866933108,6.20088300220751,2.00588687723069,0.168650793650793,-1.85609289925744,-1.88083367732749,
0.0657639455782313,0.0275553571428571,0.110221428571429,0.0679952547671875,4.89500509683996,1.44678740359243,0.23047619047619,-1.67712418923934,-1.72866420027669,
0.0262809523809523,0.0126041666666667,0.0504166666666667,0.0317028320158173,5.66838046272494,2.08957770718435,0.2,-1.70947277658421,-1.82858304339411,
0.0284807692307692,0.0210554487179487,0.0842217948717949,0.0506655588253481,6.00888888888889,1.88340567818287,0.168650793650793,-1.85671398353698,-1.85920463373631,
0.0697438775510204,0.0346215136054422,0.138486054421769,0.0773555521674525,5.54503464203233,1.90867953753504,0.191914682539682,-1.79302593638854,-1.83043781146878,
0.05165,0.0322625,0.12905,0.0734520270501623,4.80500521376434,1.9448662399132,0.227142857142857,-1.66106578119725,-1.70296881175706,
0.0438320872274143,0.0264377725856698,0.105751090342679,0.0603257802865413,5.05474613686534,1.7888566508054,0.239999999999999,-1.6094379124341,-1.7050450216631,
0.0806210526315789,0.0418469298245614,0.167387719298246,0.0944498644937789,3.94276976845784,1.65482743693966,0.279999999999999,-1.46315431020412,-1.5307994088279,
0.0465480392156863,0.0157321078431373,0.062928431372549,0.0411862244750012,6.41430332922318,1.89199185396077,0.184671201814059,-1.81965305653256,-1.94723766335722,
0.04005,0.0220291666666667,0.0881166666666667,0.0497282811330177,6.42857142857143,1.83201297271114,0.169886621315193,-1.89347345084277,-1.95123135157201,
0.0321772727272727,0.0167224747474747,0.066889898989899,0.0411584706054704,5.90066225165563,2.20088064865182,0.19047619047619,-1.7964776806757,-1.88789818960774,
0.0605878006872852,0.0266669673539519,0.106667869415808,0.0660120477209619,4.03300471495928,1.51562117005846,0.399999999999999,-1.22752941145721,-1.61061348030591,
0.0293029411764706,0.0239549019607843,0.0958196078431372,0.0518808108755165,4.97323135755258,1.95578053933459,0.187539682539682,-1.77723949583098,-1.70858467387761,
0.0804140350877193,0.0342081140350877,0.136832456140351,0.0853113981647088,4.0744920993228,2.16377587520452,0.333333333333332,-1.242453324894,-1.55417633050163,
0.0361666666666667,0.0235317307692308,0.0941269230769231,0.0553591347784519,5.2,1.93128562179831,0.233333333333333,-1.58588130530282,-1.74531205460631,
0.0817161290322581,0.0343154569892473,0.137261827956989,0.0814240262432344,3.96197892808062,1.93306962941047,0.333333333333332,-1.242453324894,-1.57072644000613,
0.0460911764705882,0.019665931372549,0.0786637254901961,0.0492506302592202,4.80776340110906,2.00042346871549,0.264761904761904,-1.62790297206649,-1.74235023725647,
0.0381,0.0204208333333333,0.0816833333333333,0.04803567539976,4.44444444444444,1.79306383766664,0.239999999999999,-1.6094379124341,-1.63748366994656,
0.0150144012944984,0.0107721682847896,0.0430886731391586,0.0257362740879401,7.03981420039814,1.60479602394493,0.148117913832199,-1.98545556876914,-2.01145519504259,
0.0195976190476191,0.0147720238095238,0.0590880952380952,0.0366790459931278,6.91222570532915,1.56807325575648,0.153741496598639,-1.92717483365089,-1.98563227854626,
0.0492952380952381,0.023835119047619,0.0953404761904762,0.0554665275152787,5.3030303030303,1.91184217262855,0.19047619047619,-1.7096021972882,-1.74731653809683,
0.0216595238095238,0.0143869047619048,0.057547619047619,0.0328989680310138,5.32351521004346,2.26684793001433,0.191111111111111,-1.71408754118701,-1.73049900756219,
0.0435792929292929,0.0209301767676768,0.0837207070707071,0.0508259976517148,5.25522788203753,1.53089812164165,0.216190476190476,-1.70738271581623,-1.79282345761883,
0.0517166666666666,0.0194208333333333,0.0776833333333333,0.0487413126162556,3.92156862745098,1.69059769541618,0.339999999999999,-1.36796565201965,-1.5645294375592,
0.0477160066006601,0.0160560231023102,0.0642240924092409,0.0442554904849288,4.85993330157218,1.75968392037618,0.232108843537414,-1.67069634841679,-1.77661690676007,
0.0591493399339934,0.0232729372937294,0.0930917491749175,0.0620348043964639,4.17560376586164,2.16625265381303,0.279999999999999,-1.41293362607351,-1.5430061658678,
0.0410047619047619,0.0162833333333333,0.0651333333333333,0.0419950302102318,5.55415617128463,1.57737597165884,0.202222222222222,-1.76991685651252,-1.8238027577473,
0.0440484848484848,0.0146484848484849,0.0585939393939394,0.0382125679749434,6.4983888292159,1.94170778566909,0.163253968253968,-1.8719574213588,-1.9074123958636,
0.0774173469387756,0.029983843537415,0.11993537414966,0.0783670228286004,4.14680483592401,2.17134127498164,0.466666666666665,-1.17299347243951,-1.64756989373126,
0.049859793814433,0.0241448024054983,0.0965792096219931,0.0593926336545439,5.34906196702672,1.32309399301213,0.188253968253968,-1.79979252110802,-1.78278209633088,
0.0381533980582524,0.021236286407767,0.084945145631068,0.0508258585596478,5.2702434177844,1.52451401054817,0.2,-1.70947277658421,-1.72722828928114,
0.0244147058823529,0.0167313725490196,0.0669254901960784,0.0383691800574053,5.05539358600583,1.81589987375971,0.193333333333333,-1.709476590723,-1.71699470523357,
0.11485350877193,0.0337377192982456,0.134950877192982,0.100821749515859,3.36879432624113,1.74229417947835,0.523809523809522,-1.11020086550756,-1.53466944617952,
0.0370904761904762,0.0195654761904762,0.0782619047619048,0.0465628758944787,6.41361256544503,2.17494528357923,0.168253968253968,-1.8651219573259,-1.92913594939084,
0.0654333333333333,0.0346041666666667,0.138416666666667,0.0828878291561688,4.73586844809866,1.90308654885816,0.234297052154195,-1.62627419756808,-1.67581964005671,
0.0392470873786408,0.0197213996763754,0.0788855987055016,0.0463537617614049,5.23384311790824,2.16776176933266,0.218095238095238,-1.74144053430259,-1.80071483396892,
0.0267485436893204,0.0233027508090615,0.093211003236246,0.0544073152496652,5.83874518436984,1.31949485717451,0.18031746031746,-1.79694186671248,-1.81955797836719,
0.0298615264797508,0.0145451713395639,0.0581806853582554,0.0348961597672118,6.34997226844149,2.21201297267822,0.167165532879818,-1.89000917238727,-1.93664173033346,
0.0133740740740741,0.00848425925925926,0.033937037037037,0.0237385226039529,6.40175631174534,1.46007055267696,0.161428571428571,-1.88364765316991,-1.89777795674724,
0.0259227891156463,0.0246086734693878,0.098434693877551,0.0544835555591652,4.86524822695035,1.49310311403155,0.229206349206349,-1.62110034492871,-1.71429304363864,
0.0576530303030303,0.0264167929292929,0.105667171717172,0.063577051056403,4.01845018450184,2.20357058114385,0.333333333333332,-1.242453324894,-1.51217735726729,
0.018654854368932,0.0125015372168285,0.0500061488673139,0.0288139927630975,6.43359611885992,1.48311161452422,0.163809523809524,-1.87442879571868,-1.92810300119629,
0.0535598039215686,0.0307823529411765,0.123129411764706,0.0676958219529153,5.64208242950108,2.22028431461657,0.181859410430839,-1.84371461600656,-1.84611687137864,
0.0308738095238095,0.0227690476190476,0.0910761904761905,0.0480519496372996,5.67421513124035,1.85222142559712,0.185759637188208,-1.79696297329164,-1.84330998314054,
0.0453391156462585,0.0297804421768708,0.119121768707483,0.0616071304789122,4.38538812785388,2.08098185878969,0.263775510204081,-1.52125678735203,-1.64791661329831,
0.0196930420711974,0.00975173948220064,0.0390069579288026,0.0234295617333025,5.21839645843581,2.12602494724764,0.216190476190476,-1.70738271581623,-1.7881575243975,
0.0290137254901961,0.0190889705882353,0.0763558823529412,0.0464691826543448,6.01387283236994,2.17982398243131,0.180136054421768,-1.83266488773516,-1.88851529768301,
0.0315803921568627,0.0156492647058823,0.0625970588235294,0.0363703055700491,6.89006622516556,2.13855462384571,0.153185941043084,-1.96789568291262,-2.00019790655928,
0.0777175257731959,0.0322966924398625,0.12918676975945,0.075183544539769,3.09404801052285,1.33459176934552,0.333333333333332,-1.242453324894,-1.24712330386119,
0.0555003300330033,0.0226835396039604,0.0907341584158416,0.054684557452248,4.47216133274879,1.48823868444543,0.277777777777777,-1.40672369477982,-1.55759165110157,
0.0168745098039216,0.0117450980392157,0.0469803921568628,0.0262807981756442,6.73834196891192,2.35061545136511,0.144943310657596,-1.99683841925317,-1.97409415920744,
0.0559176767676768,0.0224119949494949,0.0896479797979798,0.0565864619769019,5.06511627906977,1.97545789997459,0.254920634920634,-1.63808782982603,-1.782701772394,
0.0297357388316151,0.0195393041237113,0.0781572164948454,0.0510211628666709,5.40436530729466,1.43001734563527,0.2,-1.70947277658421,-1.81251962481165,
0.0375333333333333,0.0212083333333333,0.0848333333333333,0.0483791277308717,5.3475935828877,2.05545216287147,0.231428571428571,-1.6401768749688,-1.79650646097043,
0.0256501618122977,0.0152944174757282,0.0611776699029126,0.0342896875367679,5.55735987427973,2.27655861096845,0.2,-1.70947277658421,-1.75395825266391,
0.0843666666666667,0.0438416666666667,0.175366666666667,0.100195338381251,3.89105058365759,2.09900781018089,0.333333333333332,-1.242453324894,-1.40586814350526,
0.0207208737864077,0.0162753640776699,0.0651014563106796,0.0379714701334112,5.34458438287154,1.9647120749604,0.23047619047619,-1.6612331629356,-1.79611961508272,
0.0571,0.0224958333333333,0.0899833333333334,0.0568016896266691,5.27983104540655,2.16702631476852,0.206984126984127,-1.71149623090056,-1.76519807186236,
0.0327650165016501,0.0115266089108911,0.0461064356435644,0.030208749916056,5.49919137466307,2.13810837587653,0.21047619047619,-1.74819905035513,-1.85529997419854,
0.0254948453608247,0.0193476374570447,0.0773905498281787,0.0466884330292676,6.22700198544011,1.9111534550575,0.175510204081632,-1.87396289078601,-1.91142681670185,
0.034,0.0241541666666667,0.0966166666666667,0.0567175335422047,5.51267916207277,2.12885485889059,0.184920634920635,-1.80376279757352,-1.80437095301355,
0.0370333333333334,0.02375,0.095,0.0547386568665651,4.30663221360896,2.26614168760762,0.277777777777777,-1.40672369477982,-1.60910468625819,
0.0654979797979798,0.0350608585858586,0.140243434343434,0.0822444236617084,4.22639068564036,1.4345072235944,0.233333333333333,-1.52834489081247,-1.50975943637185,
0.0290078431372549,0.0163882352941176,0.0655529411764706,0.0395256125503671,6.20763723150358,2.2129421312909,0.17578656462585,-1.85593578622468,-1.9166357162553,
0.0335580858085809,0.018520297029703,0.0740811881188119,0.0448831439531207,6.10472770795931,1.94239135293444,0.176054421768707,-1.87517778970869,-1.91867105889206,
0.0796994623655914,0.0260643817204301,0.10425752688172,0.0701814281259517,4.37038908539667,2.16848714317275,0.360544217687074,-1.39280178423272,-1.71848168685744,
0.0884765306122449,0.0297931972789116,0.119172789115646,0.0788992055343323,4.48366013071895,2.06483370930085,0.271842403628117,-1.50809768452976,-1.63148125263739,
0.0205523809523809,0.0131458333333333,0.0525833333333333,0.0378646613528377,6.64556962025317,1.83504381140916,0.168253968253968,-1.8651219573259,-1.94707148061209,
0.0201750764525994,0.0100768348623853,0.0403073394495413,0.022773285570038,7.55308328035601,1.73130391380888,0.142857142857143,-2.02176775641029,-2.05231783560456,
0.0646660066006601,0.0240396452145215,0.0961585808580858,0.0606840557579959,4.44488017429194,2.11343787440783,0.231111111111111,-1.59118916307688,-1.61452593498144,
0.0654493399339934,0.0322683168316832,0.129073267326733,0.0762291088575655,4.49185380889476,2.10590814693222,0.231111111111111,-1.59118916307688,-1.6015345355415,
0.0159078431372549,0.015719362745098,0.0628774509803922,0.0332963393621182,5.49894291754757,1.75632999373823,0.193333333333333,-1.71758859451062,-1.74467901521679,
